Workbook

Sheet Entretien-Direction
A1: MUSA — PT02 — Audit Orga
A2: Onglet : Entretien-Direction
A3: Thème | B3: Réf. | C3: Question | D3: Preuve attendue | E3: Réponse / Observation | F3: Éval. | I3: pC | J3: pNC | K3: pZG | L3: Hi | M3: Interprétation
F4: Aud1 | G4: Aud2 | H4: Aud3
A5: Gouvernance | B5: 1.1 | C5: Politique de sécurité formelle et signée ? | D5: Politique signée | E5: Aucune politique de sécurité formelle | F5: NC | G5: NC | H5: NC | I5: =COUNTIF(F5:H5,"C")/3 -> 0 | J5: =COUNTIF(F5:H5,"NC")/3 -> 1 | K5: =COUNTIF(F5:H5,"ZG")/3 -> 0 | L5: =IF(I5>0,-I5*LOG(I5,2),0)+IF(J5>0,-J5*LOG(J5,2),0)+IF(K5>0,-K5*LOG(K5,2),0) -> 0 | M5: =IF(L5<0.5,"Accord fort",IF(L5<1,"Discussion requise","Arbitrage obligatoire")) -> Accord fort
A6: Gouvernance | B6: 1.2 | C6: Fréquence de révision de la politique ? | D6: Date dernière révision | E6: N'existe pas | F6: NC | G6: ZG | H6: ZG | I6: =COUNTIF(F6:H6,"C")/3 -> 0 | J6: =COUNTIF(F6:H6,"NC")/3 -> 0.33333333 | K6: =COUNTIF(F6:H6,"ZG")/3 -> 0.66666667 | L6: =IF(I6>0,-I6*LOG(I6,2),0)+IF(J6>0,-J6*LOG(J6,2),0)+IF(K6>0,-K6*LOG(K6,2),0) -> 0.91829583 | M6: =IF(L6<0.5,"Accord fort",IF(L6<1,"Discussion requise","Arbitrage obligatoire")) -> Discussion requise
A7: Gouvernance | B7: 1.3 | C7: RSSI identifié avec fiche de poste ? | D7: Fiche de poste / organigramme | E7: M, MBOUL Patrick - RSSI de SOLTEC | F7: C | G7: NC | H7: C | I7: =COUNTIF(F7:H7,"C")/3 -> 0.66666667 | J7: =COUNTIF(F7:H7,"NC")/3 -> 0.33333333 | K7: =COUNTIF(F7:H7,"ZG")/3 -> 0 | L7: =IF(I7>0,-I7*LOG(I7,2),0)+IF(J7>0,-J7*LOG(J7,2),0)+IF(K7>0,-K7*LOG(K7,2),0) -> 0.91829583 | M7: =IF(L7<0.5,"Accord fort",IF(L7<1,"Discussion requise","Arbitrage obligatoire")) -> Discussion requise
A8: Gouvernance | B8: 1.4 | C8: Budget sécurité alloué ? | D8: Extrait budget | E8: Budget inclus dans le budget IT, non dédié | F8: ZG | G8: NC | H8: NC | I8: =COUNTIF(F8:H8,"C")/3 -> 0 | J8: =COUNTIF(F8:H8,"NC")/3 -> 0.66666667 | K8: =COUNTIF(F8:H8,"ZG")/3 -> 0.33333333 | L8: =IF(I8>0,-I8*LOG(I8,2),0)+IF(J8>0,-J8*LOG(J8,2),0)+IF(K8>0,-K8*LOG(K8,2),0) -> 0.91829583 | M8: =IF(L8<0.5,"Accord fort",IF(L8<1,"Discussion requise","Arbitrage obligatoire")) -> Discussion requise
A9: Gouvernance | B9: 1.5 | C9: Comité de pilotage sécurité existant ? | D9: PV de réunion | E9: Aucun comité formel | F9: NC | G9: C | H9: NC | I9: =COUNTIF(F9:H9,"C")/3 -> 0.33333333 | J9: =COUNTIF(F9:H9,"NC")/3 -> 0.66666667 | K9: =COUNTIF(F9:H9,"ZG")/3 -> 0 | L9: =IF(I9>0,-I9*LOG(I9,2),0)+IF(J9>0,-J9*LOG(J9,2),0)+IF(K9>0,-K9*LOG(K9,2),0) -> 0.91829583 | M9: =IF(L9<0.5,"Accord fort",IF(L9<1,"Discussion requise","Arbitrage obligatoire")) -> Discussion requise
A10: Incidents | B10: 2.1 | C10: Incidents de sécurité sur GIDOCEP (12 mois) ? | D10: Registre incidents | E10: Aucun incident déclaré/ enregistré | F10: NC | G10: NC | H10: NC | I10: =COUNTIF(F10:H10,"C")/3 -> 0 | J10: =COUNTIF(F10:H10,"NC")/3 -> 1 | K10: =COUNTIF(F10:H10,"ZG")/3 -> 0 | L10: =IF(I10>0,-I10*LOG(I10,2),0)+IF(J10>0,-J10*LOG(J10,2),0)+IF(K10>0,-K10*LOG(K10,2),0) -> 0 | M10: =IF(L10<0.5,"Accord fort",IF(L10<1,"Discussion requise","Arbitrage obligatoire")) -> Accord fort
A11: Incidents | B11: 2.2 | C11: Procédure formelle de gestion des incidents ? | D11: Procédure signée | E11: Absence de procédure formalisée | F11: NC | G11: NC | H11: NC | I11: =COUNTIF(F11:H11,"C")/3 -> 0 | J11: =COUNTIF(F11:H11,"NC")/3 -> 1 | K11: =COUNTIF(F11:H11,"ZG")/3 -> 0 | L11: =IF(I11>0,-I11*LOG(I11,2),0)+IF(J11>0,-J11*LOG(J11,2),0)+IF(K11>0,-K11*LOG(K11,2),0) -> 0 | M11: =IF(L11<0.5,"Accord fort",IF(L11<1,"Discussion requise","Arbitrage obligatoire")) -> Accord fort
A12: Incidents | B12: 2.3 | C12: Déclarations à l'ANTIC conformément à la loi 2010/012 ? | D12: Copies déclarations | E12: Aucune déclaration effectuée | F12: NC | G12: ZG | H12: NC | I12: =COUNTIF(F12:H12,"C")/3 -> 0 | J12: =COUNTIF(F12:H12,"NC")/3 -> 0.66666667 | K12: =COUNTIF(F12:H12,"ZG")/3 -> 0.33333333 | L12: =IF(I12>0,-I12*LOG(I12,2),0)+IF(J12>0,-J12*LOG(J12,2),0)+IF(K12>0,-K12*LOG(K12,2),0) -> 0.91829583 | M12: =IF(L12<0.5,"Accord fort",IF(L12<1,"Discussion requise","Arbitrage obligatoire")) -> Discussion requise
A13: Continuité | B13: 3.1 | C13: PRA existant pour GIDOCEP ? | D13: Document PRA | E13: Absence de Plan de Reprise d'Activité | F13: NC | G13: NC | H13: NC | I13: =COUNTIF(F13:H13,"C")/3 -> 0 | J13: =COUNTIF(F13:H13,"NC")/3 -> 1 | K13: =COUNTIF(F13:H13,"ZG")/3 -> 0 | L13: =IF(I13>0,-I13*LOG(I13,2),0)+IF(J13>0,-J13*LOG(J13,2),0)+IF(K13>0,-K13*LOG(K13,2),0) -> 0 | M13: =IF(L13<0.5,"Accord fort",IF(L13<1,"Discussion requise","Arbitrage obligatoire")) -> Accord fort
A14: Continuité | B14: 3.2 | C14: PRA testé ? Date ? | D14: Rapport de test | E14: Non applicable (pas de PRA) | F14: NC | G14: NC | H14: NC | I14: =COUNTIF(F14:H14,"C")/3 -> 0 | J14: =COUNTIF(F14:H14,"NC")/3 -> 1 | K14: =COUNTIF(F14:H14,"ZG")/3 -> 0 | L14: =IF(I14>0,-I14*LOG(I14,2),0)+IF(J14>0,-J14*LOG(J14,2),0)+IF(K14>0,-K14*LOG(K14,2),0) -> 0 | M14: =IF(L14<0.5,"Accord fort",IF(L14<1,"Discussion requise","Arbitrage obligatoire")) -> Accord fort
A15: Continuité | B15: 3.3 | C15: Sauvegardes documentées et testées ? | D15: Procédure + log | E15: Sauvegardes effectuées mais non testées | F15: ZG | G15: NC | H15: NC | I15: =COUNTIF(F15:H15,"C")/3 -> 0 | J15: =COUNTIF(F15:H15,"NC")/3 -> 0.66666667 | K15: =COUNTIF(F15:H15,"ZG")/3 -> 0.33333333 | L15: =IF(I15>0,-I15*LOG(I15,2),0)+IF(J15>0,-J15*LOG(J15,2),0)+IF(K15>0,-K15*LOG(K15,2),0) -> 0.91829583 | M15: =IF(L15<0.5,"Accord fort",IF(L15<1,"Discussion requise","Arbitrage obligatoire")) -> Discussion requise
A16: Conformité | B16: 4.1 | C16: Connaissance loi 2010/012 ? | D16: Registre conformité | E16: Connaissance de l'existence de la loi | F16: ZG | G16: NC | H16: ZG | I16: =COUNTIF(F16:H16,"C")/3 -> 0 | J16: =COUNTIF(F16:H16,"NC")/3 -> 0.33333333 | K16: =COUNTIF(F16:H16,"ZG")/3 -> 0.66666667 | L16: =IF(I16>0,-I16*LOG(I16,2),0)+IF(J16>0,-J16*LOG(J16,2),0)+IF(K16>0,-K16*LOG(K16,2),0) -> 0.91829583 | M16: =IF(L16<0.5,"Accord fort",IF(L16<1,"Discussion requise","Arbitrage obligatoire")) -> Discussion requise
... A18: Conformité | B18: 4.3 | C18: Recommandations précédentes traitées ? | D18: Plan d'actions clôturé | E18: Recommandations en cours de formulation | F18: ZG | G18: NC | H18: ZG | I18: =COUNTIF(F18:H18,"C")/3 -> 0 | J18: =COUNTIF(F18:H18,"NC")/3 -> 0.33333333 | K18: =COUNTIF(F18:H18,"ZG")/3 -> 0.66666667 | L18: =IF(I18>0,-I18*LOG(I18,2),0)+IF(J18>0,-J18*LOG(J18,2),0)+IF(K18>0,-K18*LOG(K18,2),0) -> 0.91829583 | M18: =IF(L18<0.5,"Accord fort",IF(L18<1,"Discussion requise","Arbitrage obligatoire")) -> Discussion requise
E19: H Global | L19: =SUM(L5:L18)/14 -> 0.63795208 | M19: =IF(L19<0.5,"Accord fort",IF(L19<1,"Discussion requise","Arbitrage obligatoire")) -> Discussion requise
A21: Légende: C (Conforme); NC (Non Conforme); ZG(Zone Grise); NA(Non Applicable)

Sheet Entretien-Devs
A1: MUSA - PT02 - Audit Orga
A2: Onglet : Guide entretien Développeurs/Technique
A3: Thème | B3: Réf. | C3: Question | D3: Preuve attendue | E3: Réponse | F3: Éval. | I3: pC | J3: pNC | K3: pZG | L3: Hi | M3: Interprétation
F4: Aud1 | G4: Aud2 | H4: Aud3
A5: SDLC | B5: 1.1 | C5: Exigences sécurité définies avant développement ? | D5: Cahier des charges | E5: Non formalisées | F5: NC | G5: NC | H5: NC | I5: =COUNTIF(F5:H5,"C")/3 -> 0 | J5: =COUNTIF(F5:H5,"NC")/3 -> 1 | K5: =COUNTIF(F5:H5,"ZG")/3 -> 0 | L5: =IF(I5>0,-I5*LOG(I5,2),0)+IF(J5>0,-J5*LOG(J5,2),0)+IF(K5>0,-K5*LOG(K5,2),0) -> 0 | M5: =IF(L5<0.5,"Accord fort",IF(L5<1," Discussion requise","Arbitrage obligatoire")) -> Accord fort
A6: SDLC | B6: 1.2 | C6: Revues de code avec critères sécurité ? | D6: Historique revues | E6: Revues occasionnelles, sans checklist | F6: ZG | G6: NC | H6: NC | I6: =COUNTIF(F6:H6,"C")/3 -> 0 | J6: =COUNTIF(F6:H6,"NC")/3 -> 0.66666667 | K6: =COUNTIF(F6:H6,"ZG")/3 -> 0.33333333 | L6: =IF(I6>0,-I6*LOG(I6,2),0)+IF(J6>0,-J6*LOG(J6,2),0)+IF(K6>0,-K6*LOG(K6,2),0) -> 0.91829583 | M6: =IF(L6<0.5,"Accord fort",IF(L6<1," Discussion requise","Arbitrage obligatoire")) -> Discussion requise
A7: SDLC | B7: 1.3 | C7: SAST intégré dans le pipeline ? | D7: Rapport SonarQube | E7: Non intégré | F7: NC | G7: NC | H7: NC | I7: =COUNTIF(F7:H7,"C")/3 -> 0 | J7: =COUNTIF(F7:H7,"NC")/3 -> 1 | K7: =COUNTIF(F7:H7,"ZG")/3 -> 0 | L7: =IF(I7>0,-I7*LOG(I7,2),0)+IF(J7>0,-J7*LOG(J7,2),0)+IF(K7>0,-K7*LOG(K7,2),0) -> 0 | M7: =IF(L7<0.5,"Accord fort",IF(L7<1," Discussion requise","Arbitrage obligatoire")) -> Accord fort
A8: SDLC | B8: 1.4 | C8: Environnements dev/test/prod séparés ? | D8: Architecture environnements | E8: Oui, séparés | F8: C | G8: C | H8: C | I8: =COUNTIF(F8:H8,"C")/3 -> 1 | J8: =COUNTIF(F8:H8,"NC")/3 -> 0 | K8: =COUNTIF(F8:H8,"ZG")/3 -> 0 | L8: =IF(I8>0,-I8*LOG(I8,2),0)+IF(J8>0,-J8*LOG(J8,2),0)+IF(K8>0,-K8*LOG(K8,2),0) -> 0 | M8: =IF(L8<0.5,"Accord fort",IF(L8<1," Discussion requise","Arbitrage obligatoire")) -> Accord fort
A9: SDLC | B9: 1.5 | C9: Données de test anonymisées ? | D9: Scripts anonymisation | E9: Non | F9: NC | G9: NC | H9: NC | I9: =COUNTIF(F9:H9,"C")/3 -> 0 | J9: =COUNTIF(F9:H9,"NC")/3 -> 1 | K9: =COUNTIF(F9:H9,"ZG")/3 -> 0 | L9: =IF(I9>0,-I9*LOG(I9,2),0)+IF(J9>0,-J9*LOG(J9,2),0)+IF(K9>0,-K9*LOG(K9,2),0) -> 0 | M9: =IF(L9<0.5,"Accord fort",IF(L9<1," Discussion requise","Arbitrage obligatoire")) -> Accord fort
A10: Vulnérabilités | B10: 2.1 | C10: Inventaire des bibliothèques tierces GIDOCEP ? | D10: Fichier dépendances | E10: Non formalisé | F10: NC | G10: NC | H10: NC | I10: =COUNTIF(F10:H10,"C")/3 -> 0 | J10: =COUNTIF(F10:H10,"NC")/3 -> 1 | K10: =COUNTIF(F10:H10,"ZG")/3 -> 0 | L10: =IF(I10>0,-I10*LOG(I10,2),0)+IF(J10>0,-J10*LOG(J10,2),0)+IF(K10>0,-K10*LOG(K10,2),0) -> 0 | M10: =IF(L10<0.5,"Accord fort",IF(L10<1," Discussion requise","Arbitrage obligatoire")) -> Accord fort
A11: Vulnérabilités | B11: 2.2 | C11: Vérification régulière des CVE ? | D11: Rapport scan dépendances | E11: Aucun outil de scan de dépendances utilisé à ce jour | F11: NC | G11: NC | H11: NC | I11: =COUNTIF(F11:H11,"C")/3 -> 0 | J11: =COUNTIF(F11:H11,"NC")/3 -> 1 | K11: =COUNTIF(F11:H11,"ZG")/3 -> 0 | L11: =IF(I11>0,-I11*LOG(I11,2),0)+IF(J11>0,-J11*LOG(J11,2),0)+IF(K11>0,-K11*LOG(K11,2),0) -> 0 | M11: =IF(L11<0.5,"Accord fort",IF(L11<1," Discussion requise","Arbitrage obligatoire")) -> Accord fort
A12: Vulnérabilités | B12: 2.3 | C12: Procédure de patch management ? | D12: Procédure écrite | E12: Patchs appliqués de façon ponctuelle, sans procédure écrite | F12: NC | G12: NC | H12: ZG | I12: =COUNTIF(F12:H12,"C")/3 -> 0 | J12: =COUNTIF(F12:H12,"NC")/3 -> 0.66666667 | K12: =COUNTIF(F12:H12,"ZG")/3 -> 0.33333333 | L12: =IF(I12>0,-I12*LOG(I12,2),0)+IF(J12>0,-J12*LOG(J12,2),0)+IF(K12>0,-K12*LOG(K12,2),0) -> 0.91829583 | M12: =IF(L12<0.5,"Accord fort",IF(L12<1," Discussion requise","Arbitrage obligatoire")) -> Discussion requise
A13: Accès | B13: 3.1 | C13: Mode de stockage des mots de passe ? | D13: Extrait code (hachage) | E13: Mots de passe hachés en MD5 sans salage, selon le développeur | F13: NC | G13: NC | H13: NC | I13: =COUNTIF(F13:H13,"C")/3 -> 0 | J13: =COUNTIF(F13:H13,"NC")/3 -> 1 | K13: =COUNTIF(F13:H13,"ZG")/3 -> 0 | L13: =IF(I13>0,-I13*LOG(I13,2),0)+IF(J13>0,-J13*LOG(J13,2),0)+IF(K13>0,-K13*LOG(K13,2),0) -> 0 | M13: =IF(L13<0.5,"Accord fort",IF(L13<1," Discussion requise","Arbitrage obligatoire")) -> Accord fort
A14: Accès | B14: 3.2 | C14: Politique de gestion des sessions ? | D14: Configuration session | E14: Durée de session longue (8h), pas de renouvellement de jeton | F14: ZG | G14: NC | H14: NC | I14: =COUNTIF(F14:H14,"C")/3 -> 0 | J14: =COUNTIF(F14:H14,"NC")/3 -> 0.66666667 | K14: =COUNTIF(F14:H14,"ZG")/3 -> 0.33333333 | L14: =IF(I14>0,-I14*LOG(I14,2),0)+IF(J14>0,-J14*LOG(J14,2),0)+IF(K14>0,-K14*LOG(K14,2),0) -> 0.91829583 | M14: =IF(L14<0.5,"Accord fort",IF(L14<1," Discussion requise","Arbitrage obligatoire")) -> Discussion requise
A15: Accès | B15: 3.3 | C15: Principe moindre privilège appliqué ? | D15: Matrice des droits | E15: Comptes administrateurs partagés entre plusieurs profils techniques | F15: NC | G15: NC | H15: ZG | I15: =COUNTIF(F15:H15,"C")/3 -> 0 | J15: =COUNTIF(F15:H15,"NC")/3 -> 0.66666667 | K15: =COUNTIF(F15:H15,"ZG")/3 -> 0.33333333 | L15: =IF(I15>0,-I15*LOG(I15,2),0)+IF(J15>0,-J15*LOG(J15,2),0)+IF(K15>0,-K15*LOG(K15,2),0) -> 0.91829583 | M15: =IF(L15<0.5,"Accord fort",IF(L15<1," Discussion requise","Arbitrage obligatoire")) -> Discussion requise
A16: Logs | B16: 4.1 | C16: Événements journalisés dans GIDOCEP ? | D16: Config journalisation | E16: Connexions, créations et modifications d'écritures journalisées | F16: C | G16: ZG | H16: C | I16: =COUNTIF(F16:H16,"C")/3 -> 0.66666667 | J16: =COUNTIF(F16:H16,"NC")/3 -> 0 | K16: =COUNTIF(F16:H16,"ZG")/3 -> 0.33333333 | L16: =IF(I16>0,-I16*LOG(I16,2),0)+IF(J16>0,-J16*LOG(J16,2),0)+IF(K16>0,-K16*LOG(K16,2),0) -> 0.91829583 | M16: =IF(L16<0.5,"Accord fort",IF(L16<1," Discussion requise","Arbitrage obligatoire")) -> Discussion requise
... A25: Infrastructure | B25: 6.3 | C25: Sauvegardes automatisées et testées ? | D25: Procédure + log | E25: Sauvegardes automatisées quotidiennes, restauration jamais testée | F25: ZG | G25: NC | H25: ZG | I25: =COUNTIF(F25:H25,"C")/3 -> 0 | J25: =COUNTIF(F25:H25,"NC")/3 -> 0.33333333 | K25: =COUNTIF(F25:H25,"ZG")/3 -> 0.66666667 | L25: =IF(I25>0,-I25*LOG(I25,2),0)+IF(J25>0,-J25*LOG(J25,2),0)+IF(K25>0,-K25*LOG(K25,2),0) -> 0.91829583 | M25: =IF(L25<0.5,"Accord fort",IF(L25<1," Discussion requise","Arbitrage obligatoire")) -> Discussion requise
E26: H Global | L26: =SUM(L12:L25)/21 -> 0.52474048 | M26: =IF(L26<0.5,"Accord fort",IF(L26<1,"Discussion requise","Arbitrage obligatoire")) -> Discussion requise

Sheet Entretien-Utilisateurs
A1: MUSA — PT02 — Audit Orga
A2: Onglet : Guide entretien Utilisateurs finaux
A3: Thème | B3: Réf. | C3: Question | D3: Observation auditeur | E3: Réponse U1 | F3: Réponse U2 | G3: Réponse U3 | H3: Tendance | I3: Éval. U1 | J3: Éval. U2 | K3: Éval. U3 | L3: pC | M3: pNC | N3: pZG | O3: Hi | P3: Interprétation
A4: Authentification | B4: 1.1 | C4: Mot de passe initial changé ? | D4: Vérifier si MDP par défaut | E4: Oui, changé à la première connexion | F4: Oui, changé | G4: Non, toujours le mot de passe initial | H4: Tendance C | I4: C | J4: C | K4: NC | L4: =COUNTIF(I4:K4,"C")/3 -> 0.66666667 | M4: =COUNTIF(I4:K4,"NC")/3 -> 0.33333333 | N4: =COUNTIF(I4:K4,"ZG")/3 -> 0 | O4: =IF(L4>0,-L4*LOG(L4,2),0)+IF(M4>0,-M4*LOG(M4,2),0)+IF(N4>0,-N4*LOG(N4,2),0) -> 0.91829583 | P4: =IF(O4<0.5,"Accord fort",IF(O4<1,"Discussion requise"," Arbitrage obligatoire")) -> Discussion requise
A5: Authentification | B5: 1.2 | C5: Partage du MDP avec collègues ? | D5: Comportement à risque | E5: Non, jamais partagé | F5: Parfois avec un collègue en cas d'absence | G5: Non | H5: Tendance C | I5: C | J5: NC | K5: C | L5: =COUNTIF(I5:K5,"C")/3 -> 0.66666667 | M5: =COUNTIF(I5:K5,"NC")/3 -> 0.33333333 | N5: =COUNTIF(I5:K5,"ZG")/3 -> 0 | O5: =IF(L5>0,-L5*LOG(L5,2),0)+IF(M5>0,-M5*LOG(M5,2),0)+IF(N5>0,-N5*LOG(N5,2),0) -> 0.91829583 | P5: =IF(O5<0.5,"Accord fort",IF(O5<1,"Discussion requise"," Arbitrage obligatoire")) -> Discussion requise
A6: Authentification | B6: 1.3 | C6: Session GIDOCEP se déconnecte automatiquement ? | D6: Vérifier sur poste | E6: Oui, après quelques minutes d'inactivité | F6: Non, reste connecté toute la journée | G6: Oui | H6: Tendance C | I6: C | J6: NC | K6: C | L6: =COUNTIF(I6:K6,"C")/3 -> 0.66666667 | M6: =COUNTIF(I6:K6,"NC")/3 -> 0.33333333 | N6: =COUNTIF(I6:K6,"ZG")/3 -> 0 | O6: =IF(L6>0,-L6*LOG(L6,2),0)+IF(M6>0,-M6*LOG(M6,2),0)+IF(N6>0,-N6*LOG(N6,2),0) -> 0.91829583 | P6: =IF(O6<0.5,"Accord fort",IF(O6<1,"Discussion requise"," Arbitrage obligatoire")) -> Discussion requise
A7: Authentification | B7: 1.4 | C7: Accès à des fonctions non nécessaires ? | D7: Indice sur-privilège | E7: Non, accès limité à mes tâches | F7: Oui, je vois des menus que je n'utilise jamais | G7: Non | H7: Tendance C | I7: C | J7: NC | K7: C | L7: =COUNTIF(I7:K7,"C")/3 -> 0.66666667 | M7: =COUNTIF(I7:K7,"NC")/3 -> 0.33333333 | N7: =COUNTIF(I7:K7,"ZG")/3 -> 0 | O7: =IF(L7>0,-L7*LOG(L7,2),0)+IF(M7>0,-M7*LOG(M7,2),0)+IF(N7>0,-N7*LOG(N7,2),0) -> 0.91829583 | P7: =IF(O7<0.5,"Accord fort",IF(O7<1,"Discussion requise"," Arbitrage obligatoire")) -> Discussion requise
A8: Sensibilisation | B8: 2.1 | C8: Formation sécurité reçue (12 mois) ? | D8: Attestation | E8: Non, aucune formation reçue | F8: Non | G8: Une brève présentation à l'embauche, il y a 2 ans | H8: Tendance NC | I8: NC | J8: NC | K8: ZG | L8: =COUNTIF(I8:K8,"C")/3 -> 0 | M8: =COUNTIF(I8:K8,"NC")/3 -> 0.66666667 | N8: =COUNTIF(I8:K8,"ZG")/3 -> 0.33333333 | O8: =IF(L8>0,-L8*LOG(L8,2),0)+IF(M8>0,-M8*LOG(M8,2),0)+IF(N8>0,-N8*LOG(N8,2),0) -> 0.91829583 | P8: =IF(O8<0.5,"Accord fort",IF(O8<1,"Discussion requise"," Arbitrage obligatoire")) -> Discussion requise
A9: Sensibilisation | B9: 2.2 | C9: Canal de signalement d'incident connu ? | D9: Canal connu ? | E9: Non, je ne sais pas qui contacter | F9: Le service informatique, je crois | G9: Non | H9: Tendance NC | I9: NC | J9: ZG | K9: NC | L9: =COUNTIF(I9:K9,"C")/3 -> 0 | M9: =COUNTIF(I9:K9,"NC")/3 -> 0.66666667 | N9: =COUNTIF(I9:K9,"ZG")/3 -> 0.33333333 | O9: =IF(L9>0,-L9*LOG(L9,2),0)+IF(M9>0,-M9*LOG(M9,2),0)+IF(N9>0,-N9*LOG(N9,2),0) -> 0.91829583 | P9: =IF(O9<0.5,"Accord fort",IF(O9<1,"Discussion requise"," Arbitrage obligatoire")) -> Discussion requise
A10: Sensibilisation | B10: 2.3 | C10: Courriels suspects reçus semblant venir de GIDOCEP ? | D10: Indicateur phishing | E10: Non, jamais reçu | F10: Une fois, un email suspect demandant mes identifiants | G10: Non | H10: Tendance C | I10: C | J10: NC | K10: C | L10: =COUNTIF(I10:K10,"C")/3 -> 0.66666667 | M10: =COUNTIF(I10:K10,"NC")/3 -> 0.33333333 | N10: =COUNTIF(I10:K10,"ZG")/3 -> 0 | O10: =IF(L10>0,-L10*LOG(L10,2),0)+IF(M10>0,-M10*LOG(M10,2),0)+IF(N10>0,-N10*LOG(N10,2),0) -> 0.91829583 | P10: =IF(O10<0.5,"Accord fort",IF(O10<1,"Discussion requise"," Arbitrage obligatoire")) -> Discussion requise
A11: Usage | B11: 3.1 | C11: Comportements anormaux observés sur GIDOCEP ? | D11: Registre anomalies | E11: Aucun comportement anormal observé | F11: Quelques lenteurs occasionnelles | G11: Aucun | H11: Tendance C | I11: C | J11: ZG | K11: C | L11: =COUNTIF(I11:K11,"C")/3 -> 0.66666667 | M11: =COUNTIF(I11:K11,"NC")/3 -> 0 | N11: =COUNTIF(I11:K11,"ZG")/3 -> 0.33333333 | O11: =IF(L11>0,-L11*LOG(L11,2),0)+IF(M11>0,-M11*LOG(M11,2),0)+IF(N11>0,-N11*LOG(N11,2),0) -> 0.91829583 | P11: =IF(O11<0.5,"Accord fort",IF(O11<1,"Discussion requise"," Arbitrage obligatoire")) -> Discussion requise
A12: Usage | B12: 3.2 | C12: Données GIDOCEP exportées via email/USB ? | D12: Pratique à risque | E12: Non, jamais | F12: Oui, export Excel envoyé par email à la direction | G12: Non | H12: Tendance C | I12: C | J12: NC | K12: C | L12: =COUNTIF(I12:K12,"C")/3 -> 0.66666667 | M12: =COUNTIF(I12:K12,"NC")/3 -> 0.33333333 | N12: =COUNTIF(I12:K12,"ZG")/3 -> 0 | O12: =IF(L12>0,-L12*LOG(L12,2),0)+IF(M12>0,-M12*LOG(M12,2),0)+IF(N12>0,-N12*LOG(N12,2),0) -> 0.91829583 | P12: =IF(O12<0.5,"Accord fort",IF(O12<1,"Discussion requise"," Arbitrage obligatoire")) -> Discussion requise
E13: H Global | O13: =SUM(O4:O12)/9 -> 0.91829583 | P13: =IF(O13<0.5,"Accord fort",IF(O13<1,"Discussion requise"," Arbitrage obligatoire")) -> Discussion requise

Sheet Inspection-Physique
A1: MUSA - PT02 - Audit Orga
A2: Onglet : Grille d'inspection physique
A3: Zone | B3: Point de contrôle | C3: Éval. Aud1 | D3: Éval. Aud2 | E3: Éval. Aud3 | F3: pC | G3: pNC | H3: pZG | I3: Hi | J3: Interprétation | K3: Observation | L3: Risque | M3: Preuve
A4: Salle serveur | B4: Contrôle d'accès physique (badge/clé/biométrie) | C4: NA | D4: NA | E4: NA | F4: =(IF(C4="C",1,0)+IF(D4="C",1,0)+IF(E4="C",1,0))/3 -> 0 | G4: =(IF(C4="NC",1,0)+IF(D4="NC",1,0)+IF(E4="NC",1,0))/3 -> 0 | H4: =(IF(C4="ZG",1,0)+IF(D4="ZG",1,0)+IF(E4="ZG",1,0))/3 -> 0 | I4: =IF(F4>0,-F4*LOG(F4,2),0)+IF(G4>0,-G4*LOG(G4,2),0)+IF(H4>0,-H4*LOG(H4,2),0) -> 0 | J4: =IF(I4<0.5,"Accord fort",IF(I4<1, "Discussion requise","Arbitrage obligatoire")) -> Accord fort | K4: Pas de salle Serveur | L4: Elevé | M4: Pas de salle Serveur
A5: Salle serveur | B5: Climatisation opérationnelle | C5: NA | D5: NA | E5: NA | F5: =(IF(C5="C",1,0)+IF(D5="C",1,0)+IF(E5="C",1,0))/3 -> 0 | G5: =(IF(C5="NC",1,0)+IF(D5="NC",1,0)+IF(E5="NC",1,0))/3 -> 0 | H5: =(IF(C5="ZG",1,0)+IF(D5="ZG",1,0)+IF(E5="ZG",1,0))/3 -> 0 | I5: =IF(F5>0,-F5*LOG(F5,2),0)+IF(G5>0,-G5*LOG(G5,2),0)+IF(H5>0,-H5*LOG(H5,2),0) -> 0 | J5: =IF(I5<0.5,"Accord fort",IF(I5<1, "Discussion requise","Arbitrage obligatoire")) -> Accord fort | K5: Pas de salle Serveur | L5: Elevé | M5: Pas de salle Serveur
A6: Salle serveur | B6: Onduleur (UPS) présent et fonctionnel | C6: NA | D6: NA | E6: NA | F6: =(IF(C6="C",1,0)+IF(D6="C",1,0)+IF(E6="C",1,0))/3 -> 0 | G6: =(IF(C6="NC",1,0)+IF(D6="NC",1,0)+IF(E6="NC",1,0))/3 -> 0 | H6: =(IF(C6="ZG",1,0)+IF(D6="ZG",1,0)+IF(E6="ZG",1,0))/3 -> 0 | I6: =IF(F6>0,-F6*LOG(F6,2),0)+IF(G6>0,-G6*LOG(G6,2),0)+IF(H6>0,-H6*LOG(H6,2),0) -> 0 | J6: =IF(I6<0.5,"Accord fort",IF(I6<1, "Discussion requise","Arbitrage obligatoire")) -> Accord fort | K6: Pas de salle Serveur | L6: Elevé | M6: Pas de salle Serveur
A7: Salle serveur | B7: Détecteur/extincteur incendie opérationnel | C7: NA | D7: NA | E7: NA | F7: =(IF(C7="C",1,0)+IF(D7="C",1,0)+IF(E7="C",1,0))/3 -> 0 | G7: =(IF(C7="NC",1,0)+IF(D7="NC",1,0)+IF(E7="NC",1,0))/3 -> 0 | H7: =(IF(C7="ZG",1,0)+IF(D7="ZG",1,0)+IF(E7="ZG",1,0))/3 -> 0 | I7: =IF(F7>0,-F7*LOG(F7,2),0)+IF(G7>0,-G7*LOG(G7,2),0)+IF(H7>0,-H7*LOG(H7,2),0) -> 0 | J7: =IF(I7<0.5,"Accord fort",IF(I7<1, "Discussion requise","Arbitrage obligatoire")) -> Accord fort | K7: Pas de salle Serveur | L7: Elevé | M7: Pas de salle Serveur
A8: Salle serveur | B8: Journaux d'accès physique à jour | C8: NA | D8: NA | E8: NA | F8: =(IF(C8="C",1,0)+IF(D8="C",1,0)+IF(E8="C",1,0))/3 -> 0 | G8: =(IF(C8="NC",1,0)+IF(D8="NC",1,0)+IF(E8="NC",1,0))/3 -> 0 | H8: =(IF(C8="ZG",1,0)+IF(D8="ZG",1,0)+IF(E8="ZG",1,0))/3 -> 0 | I8: =IF(F8>0,-F8*LOG(F8,2),0)+IF(G8>0,-G8*LOG(G8,2),0)+IF(H8>0,-H8*LOG(H8,2),0) -> 0 | J8: =IF(I8<0.5,"Accord fort",IF(I8<1, "Discussion requise","Arbitrage obligatoire")) -> Accord fort | K8: Pas de salle Serveur | L8: Elevé | M8: Pas de salle Serveur
A9: Salle serveur | B9: Câblage réseau protégé et étiqueté | C9: NA | D9: NA | E9: NA | F9: =(IF(C9="C",1,0)+IF(D9="C",1,0)+IF(E9="C",1,0))/3 -> 0 | G9: =(IF(C9="NC",1,0)+IF(D9="NC",1,0)+IF(E9="NC",1,0))/3 -> 0 | H9: =(IF(C9="ZG",1,0)+IF(D9="ZG",1,0)+IF(E9="ZG",1,0))/3 -> 0 | I9: =IF(F9>0,-F9*LOG(F9,2),0)+IF(G9>0,-G9*LOG(G9,2),0)+IF(H9>0,-H9*LOG(H9,2),0) -> 0 | J9: =IF(I9<0.5,"Accord fort",IF(I9<1, "Discussion requise","Arbitrage obligatoire")) -> Accord fort | K9: Pas de salle Serveur | L9: Elevé | M9: Pas de salle Serveur
A10: Postes utilisateurs | B10: Écran verrouillé en cas d'absence | C10: C | D10: NC | E10: C | F10: =(IF(C10="C",1,0)+IF(D10="C",1,0)+IF(E10="C",1,0))/3 -> 0.66666667 | G10: =(IF(C10="NC",1,0)+IF(D10="NC",1,0)+IF(E10="NC",1,0))/3 -> 0.33333333 | H10: =(IF(C10="ZG",1,0)+IF(D10="ZG",1,0)+IF(E10="ZG",1,0))/3 -> 0 | I10: =IF(F10>0,-F10*LOG(F10,2),0)+IF(G10>0,-G10*LOG(G10,2),0)+IF(H10>0,-H10*LOG(H10,2),0) -> 0.91829583 | J10: =IF(I10<0.5,"Accord fort",IF(I10<1, "Discussion requise","Arbitrage obligatoire")) -> Discussion requise | K10: Plusieurs postes laissés ouverts sans verrouillage observés | L10: Critique | M10: Observation directe sur 3 postes
A11: Postes utilisateurs | B11: Mots de passe non affichés (post-it, écran) | C11: C | D11: NC | E11: NA | F11: =(IF(C11="C",1,0)+IF(D11="C",1,0)+IF(E11="C",1,0))/3 -> 0.33333333 | G11: =(IF(C11="NC",1,0)+IF(D11="NC",1,0)+IF(E11="NC",1,0))/3 -> 0.33333333 | H11: =(IF(C11="ZG",1,0)+IF(D11="ZG",1,0)+IF(E11="ZG",1,0))/3 -> 0 | I11: =IF(F11>0,-F11*LOG(F11,2),0)+IF(G11>0,-G11*LOG(G11,2),0)+IF(H11>0,-H11*LOG(H11,2),0) -> 1.0566417 | J11: =IF(I11<0.5,"Accord fort",IF(I11<1, "Discussion requise","Arbitrage obligatoire")) -> Arbitrage obligatoire | K11: Post-it avec identifiants visible sur un poste comptable | L11: Critique | M11: Photo du post-it (floutée)
A12: Postes utilisateurs | B12: Antivirus actif et à jour | C12: ZG | D12: NA | E12: NA | F12: =(IF(C12="C",1,0)+IF(D12="C",1,0)+IF(E12="C",1,0))/3 -> 0 | G12: =(IF(C12="NC",1,0)+IF(D12="NC",1,0)+IF(E12="NC",1,0))/3 -> 0 | H12: =(IF(C12="ZG",1,0)+IF(D12="ZG",1,0)+IF(E12="ZG",1,0))/3 -> 0.33333333 | I12: =IF(F12>0,-F12*LOG(F12,2),0)+IF(G12>0,-G12*LOG(G12,2),0)+IF(H12>0,-H12*LOG(H12,2),0) -> 0.52832083 | J12: =IF(I12<0.5,"Accord fort",IF(I12<1, "Discussion requise","Arbitrage obligatoire")) -> Discussion requise | K12: Antivirus installé, date de dernière mise à jour incertaine | L12: Modéré | M12: Capture d'écran antivirus
A13: Postes utilisateurs | B13: Politique bureau propre respectée | C13: ZG | D13: NA | E13: ZG | F13: =(IF(C13="C",1,0)+IF(D13="C",1,0)+IF(E13="C",1,0))/3 -> 0 | G13: =(IF(C13="NC",1,0)+IF(D13="NC",1,0)+IF(E13="NC",1,0))/3 -> 0 | H13: =(IF(C13="ZG",1,0)+IF(D13="ZG",1,0)+IF(E13="ZG",1,0))/3 -> 0.66666667 | I13: =IF(F13>0,-F13*LOG(F13,2),0)+IF(G13>0,-G13*LOG(G13,2),0)+IF(H13>0,-H13*LOG(H13,2),0) -> 0.389975 | J13: =IF(I13<0.5,"Accord fort",IF(I13<1, "Discussion requise","Arbitrage obligatoire")) -> Accord fort | K13: Documents comptables visibles sur certains bureaux | L13: Élevé | M13: Observation directe
A14: Imprimantes | B14: Documents sensibles non abandonnés | C14: NC | D14: NA | E14: NC | F14: =(IF(C14="C",1,0)+IF(D14="C",1,0)+IF(E14="C",1,0))/3 -> 0 | G14: =(IF(C14="NC",1,0)+IF(D14="NC",1,0)+IF(E14="NC",1,0))/3 -> 0.66666667 | H14: =(IF(C14="ZG",1,0)+IF(D14="ZG",1,0)+IF(E14="ZG",1,0))/3 -> 0 | I14: =IF(F14>0,-F14*LOG(F14,2),0)+IF(G14>0,-G14*LOG(G14,2),0)+IF(H14>0,-H14*LOG(H14,2),0) -> 0.389975 | J14: =IF(I14<0.5,"Accord fort",IF(I14<1, "Discussion requise","Arbitrage obligatoire")) -> Accord fort | K14: Documents imprimés non récupérés sur l'imprimante partagée | L14: Élevé | M14: Photo bac imprimante
A15: Zones de passage | B15: Pas de badges | C15: NA | D15: NA | E15: NA | F15: =(IF(C15="C",1,0)+IF(D15="C",1,0)+IF(E15="C",1,0))/3 -> 0 | G15: =(IF(C15="NC",1,0)+IF(D15="NC",1,0)+IF(E15="NC",1,0))/3 -> 0 | H15: =(IF(C15="ZG",1,0)+IF(D15="ZG",1,0)+IF(E15="ZG",1,0))/3 -> 0 | I15: =IF(F15>0,-F15*LOG(F15,2),0)+IF(G15>0,-G15*LOG(G15,2),0)+IF(H15>0,-H15*LOG(H15,2),0) -> 0 | J15: =IF(I15<0.5,"Accord fort",IF(I15<1, "Discussion requise","Arbitrage obligatoire")) -> Accord fort | K15: Pas de badge pour entrer dans les locaux | L15: Usurpation d'identité facilitée | M15: Observation directe
... A17: Zones de passage | B17: Visiteurs accompagnés | C17: ZG | D17: NA | E17: NA | F17: =(IF(C17="C",1,0)+IF(D17="C",1,0)+IF(E17="C",1,0))/3 -> 0 | G17: =(IF(C17="NC",1,0)+IF(D17="NC",1,0)+IF(E17="NC",1,0))/3 -> 0 | H17: =(IF(C17="ZG",1,0)+IF(D17="ZG",1,0)+IF(E17="ZG",1,0))/3 -> 0.33333333 | I17: =IF(F17>0,-F17*LOG(F17,2),0)+IF(G17>0,-G17*LOG(G17,2),0)+IF(H17>0,-H17*LOG(H17,2),0) -> 0.52832083 | J17: =IF(I17<0.5,"Accord fort",IF(I17<1, "Discussion requise","Arbitrage obligatoire")) -> Discussion requise | K17: Aucune procédure formelle d'accompagnement des visiteurs | L17: Modéré | M17: Entretien direction
C18: H global | I18: =SUM(I4:I17)/14 -> 0.30010744 | J18: =IF(I18<0.5,"Accord fort",IF(I18<1, "Discussion requise","Arbitrage obligatoire")) -> Accord fort

Sheet ISO27001-Orga
A1: MUSA - PT02 - Audit Orga
A2: Onglet : Contrôles ISO 27001:2022 - Domaines 5, 6, 7
A3: Réf. | B3: Domaine | C3: Mesure | D3: Preuve | E3: Observations | F3: Éval. Aud1 | G3: Éval. Aud2 | H3: Éval. Aud3 | I3: pC | J3: pNC | K3: pZG | L3: Hi | M3: Interprétation
A4: 5.1 | B4: Orga | C4: Politique de sécurité de l'information | D4: Aucune | E4: Absence de politique de sécurité formalisée et signée | F4: NC | G4: NC | H4: ZG | I4: =(IF(F4="C",1,0)+IF(G4="C",1,0)+IF(H4="C",1,0))/3 -> 0 | J4: =(IF(F4="NC",1,0)+IF(G4="NC",1,0)+IF(H4="NC",1,0))/3 -> 0.66666667 | K4: =(IF(F4="ZG",1,0)+IF(G4="ZG",1,0)+IF(H4="ZG",1,0))/3 -> 0.33333333 | L4: =IF(I4>0,-I4*LOG(I4,2),0)+IF(J4>0,-J4*LOG(J4,2),0)+IF(K4>0,-K4*LOG(K4,2),0) -> 0.91829583 | M4: =IF(L4<0.5,"Accord fort",IF(L4<1,"Discussion requise"," Arbitrage obligatoire")) -> Discussion requise
A5: 5.2 | B5: Orga | C5: Rôles et responsabilités en sécurité | D5: Organigramme partiel | E5: RSSI identifié mais rôles non formalisés par écrit pour GIDOCEP | F5: ZG | G5: NC | H5: ZG | I5: =(IF(F5="C",1,0)+IF(G5="C",1,0)+IF(H5="C",1,0))/3 -> 0 | J5: =(IF(F5="NC",1,0)+IF(G5="NC",1,0)+IF(H5="NC",1,0))/3 -> 0.33333333 | K5: =(IF(F5="ZG",1,0)+IF(G5="ZG",1,0)+IF(H5="ZG",1,0))/3 -> 0.66666667 | L5: =IF(I5>0,-I5*LOG(I5,2),0)+IF(J5>0,-J5*LOG(J5,2),0)+IF(K5>0,-K5*LOG(K5,2),0) -> 0.91829583 | M5: =IF(L5<0.5,"Accord fort",IF(L5<1,"Discussion requise"," Arbitrage obligatoire")) -> Discussion requise
A6: 5.3 | B6: Orga | C6: Séparation des tâches | D6: Architecture environnements | E6: Séparation partielle entre développement et exploitation | F6: ZG | G6: NC | H6: ZG | I6: =(IF(F6="C",1,0)+IF(G6="C",1,0)+IF(H6="C",1,0))/3 -> 0 | J6: =(IF(F6="NC",1,0)+IF(G6="NC",1,0)+IF(H6="NC",1,0))/3 -> 0.33333333 | K6: =(IF(F6="ZG",1,0)+IF(G6="ZG",1,0)+IF(H6="ZG",1,0))/3 -> 0.66666667 | L6: =IF(I6>0,-I6*LOG(I6,2),0)+IF(J6>0,-J6*LOG(J6,2),0)+IF(K6>0,-K6*LOG(K6,2),0) -> 0.91829583 | M6: =IF(L6<0.5,"Accord fort",IF(L6<1,"Discussion requise"," Arbitrage obligatoire")) -> Discussion requise
A7: 5.9 | B7: Orga | C7: Inventaire des actifs | D7: Aucune | E7: Inventaire des actifs non formalisé pour GIDOCEP | F7: NC | G7: NC | H7: ZG | I7: =(IF(F7="C",1,0)+IF(G7="C",1,0)+IF(H7="C",1,0))/3 -> 0 | J7: =(IF(F7="NC",1,0)+IF(G7="NC",1,0)+IF(H7="NC",1,0))/3 -> 0.66666667 | K7: =(IF(F7="ZG",1,0)+IF(G7="ZG",1,0)+IF(H7="ZG",1,0))/3 -> 0.33333333 | L7: =IF(I7>0,-I7*LOG(I7,2),0)+IF(J7>0,-J7*LOG(J7,2),0)+IF(K7>0,-K7*LOG(K7,2),0) -> 0.91829583 | M7: =IF(L7<0.5,"Accord fort",IF(L7<1,"Discussion requise"," Arbitrage obligatoire")) -> Discussion requise
A8: 5.12 | B8: Orga | C8: Classification de l'information | D8: Aucune | E8: Aucune classification formelle des données (publiques/confidentielles) | F8: NC | G8: NC | H8: NC | I8: =(IF(F8="C",1,0)+IF(G8="C",1,0)+IF(H8="C",1,0))/3 -> 0 | J8: =(IF(F8="NC",1,0)+IF(G8="NC",1,0)+IF(H8="NC",1,0))/3 -> 1 | K8: =(IF(F8="ZG",1,0)+IF(G8="ZG",1,0)+IF(H8="ZG",1,0))/3 -> 0 | L8: =IF(I8>0,-I8*LOG(I8,2),0)+IF(J8>0,-J8*LOG(J8,2),0)+IF(K8>0,-K8*LOG(K8,2),0) -> 0 | M8: =IF(L8<0.5,"Accord fort",IF(L8<1,"Discussion requise"," Arbitrage obligatoire")) -> Accord fort
A9: 5.15 | B9: Orga | C9: Contrôle d'accès | D9: Matrice des droits partielle | E9: Contrôle d'accès basé sur profils mais non audité régulièrement | F9: ZG | G9: NC | H9: ZG | I9: =(IF(F9="C",1,0)+IF(G9="C",1,0)+IF(H9="C",1,0))/3 -> 0 | J9: =(IF(F9="NC",1,0)+IF(G9="NC",1,0)+IF(H9="NC",1,0))/3 -> 0.33333333 | K9: =(IF(F9="ZG",1,0)+IF(G9="ZG",1,0)+IF(H9="ZG",1,0))/3 -> 0.66666667 | L9: =IF(I9>0,-I9*LOG(I9,2),0)+IF(J9>0,-J9*LOG(J9,2),0)+IF(K9>0,-K9*LOG(K9,2),0) -> 0.91829583 | M9: =IF(L9<0.5,"Accord fort",IF(L9<1,"Discussion requise"," Arbitrage obligatoire")) -> Discussion requise
A10: 5.16 | B10: Orga | C10: Gestion des identités | D10: Aucune | E10: Gestion des identités assurée mais sans procédure documentée | F10: ZG | G10: NC | H10: ZG | I10: =(IF(F10="C",1,0)+IF(G10="C",1,0)+IF(H10="C",1,0))/3 -> 0 | J10: =(IF(F10="NC",1,0)+IF(G10="NC",1,0)+IF(H10="NC",1,0))/3 -> 0.33333333 | K10: =(IF(F10="ZG",1,0)+IF(G10="ZG",1,0)+IF(H10="ZG",1,0))/3 -> 0.66666667 | L10: =IF(I10>0,-I10*LOG(I10,2),0)+IF(J10>0,-J10*LOG(J10,2),0)+IF(K10>0,-K10*LOG(K10,2),0) -> 0.91829583 | M10: =IF(L10<0.5,"Accord fort",IF(L10<1,"Discussion requise"," Arbitrage obligatoire")) -> Discussion requise
A11: 5.17 | B11: Orga | C11: Informations d'authentification | D11: Extrait entretien Devs | E11: Mots de passe hachés en MD5 sans salage selon le développeur | F11: NC | G11: NC | H11: NC | I11: =(IF(F11="C",1,0)+IF(G11="C",1,0)+IF(H11="C",1,0))/3 -> 0 | J11: =(IF(F11="NC",1,0)+IF(G11="NC",1,0)+IF(H11="NC",1,0))/3 -> 1 | K11: =(IF(F11="ZG",1,0)+IF(G11="ZG",1,0)+IF(H11="ZG",1,0))/3 -> 0 | L11: =IF(I11>0,-I11*LOG(I11,2),0)+IF(J11>0,-J11*LOG(J11,2),0)+IF(K11>0,-K11*LOG(K11,2),0) -> 0 | M11: =IF(L11<0.5,"Accord fort",IF(L11<1,"Discussion requise"," Arbitrage obligatoire")) -> Accord fort
A12: 5.24 | B12: Orga | C12: Planification gestion des incidents | D12: Aucune | E12: Aucune procédure formalisée de gestion des incidents | F12: NC | G12: NC | H12: NC | I12: =(IF(F12="C",1,0)+IF(G12="C",1,0)+IF(H12="C",1,0))/3 -> 0 | J12: =(IF(F12="NC",1,0)+IF(G12="NC",1,0)+IF(H12="NC",1,0))/3 -> 1 | K12: =(IF(F12="ZG",1,0)+IF(G12="ZG",1,0)+IF(H12="ZG",1,0))/3 -> 0 | L12: =IF(I12>0,-I12*LOG(I12,2),0)+IF(J12>0,-J12*LOG(J12,2),0)+IF(K12>0,-K12*LOG(K12,2),0) -> 0 | M12: =IF(L12<0.5,"Accord fort",IF(L12<1,"Discussion requise"," Arbitrage obligatoire")) -> Accord fort
A13: 5.29 | B13: Orga | C13: Sécurité SI en cas de perturbation | D13: Aucune | E13: Absence de Plan de Reprise d'Activité (PRA) | F13: NC | G13: NC | H13: NC | I13: =(IF(F13="C",1,0)+IF(G13="C",1,0)+IF(H13="C",1,0))/3 -> 0 | J13: =(IF(F13="NC",1,0)+IF(G13="NC",1,0)+IF(H13="NC",1,0))/3 -> 1 | K13: =(IF(F13="ZG",1,0)+IF(G13="ZG",1,0)+IF(H13="ZG",1,0))/3 -> 0 | L13: =IF(I13>0,-I13*LOG(I13,2),0)+IF(J13>0,-J13*LOG(J13,2),0)+IF(K13>0,-K13*LOG(K13,2),0) -> 0 | M13: =IF(L13<0.5,"Accord fort",IF(L13<1,"Discussion requise"," Arbitrage obligatoire")) -> Accord fort
A14: 5.31 | B14: Orga | C14: Exigences légales et réglementaires (loi 2010/012) | D14: Entretien direction | E14: Connaissance de la loi 2010/012 mais conformité partielle | F14: ZG | G14: NC | H14: ZG | I14: =(IF(F14="C",1,0)+IF(G14="C",1,0)+IF(H14="C",1,0))/3 -> 0 | J14: =(IF(F14="NC",1,0)+IF(G14="NC",1,0)+IF(H14="NC",1,0))/3 -> 0.33333333 | K14: =(IF(F14="ZG",1,0)+IF(G14="ZG",1,0)+IF(H14="ZG",1,0))/3 -> 0.66666667 | L14: =IF(I14>0,-I14*LOG(I14,2),0)+IF(J14>0,-J14*LOG(J14,2),0)+IF(K14>0,-K14*LOG(K14,2),0) -> 0.91829583 | M14: =IF(L14<0.5,"Accord fort",IF(L14<1,"Discussion requise"," Arbitrage obligatoire")) -> Discussion requise
A15: 6.1 | B15: Humain | C15: Présélection du personnel | D15: Entretien direction | E15: Présélection du personnel existante mais non documentée pour les profils techniques | F15: ZG | G15: C | H15: ZG | I15: =(IF(F15="C",1,0)+IF(G15="C",1,0)+IF(H15="C",1,0))/3 -> 0.33333333 | J15: =(IF(F15="NC",1,0)+IF(G15="NC",1,0)+IF(H15="NC",1,0))/3 -> 0 | K15: =(IF(F15="ZG",1,0)+IF(G15="ZG",1,0)+IF(H15="ZG",1,0))/3 -> 0.66666667 | L15: =IF(I15>0,-I15*LOG(I15,2),0)+IF(J15>0,-J15*LOG(J15,2),0)+IF(K15>0,-K15*LOG(K15,2),0) -> 0.91829583 | M15: =IF(L15<0.5,"Accord fort",IF(L15<1,"Discussion requise"," Arbitrage obligatoire")) -> Discussion requise
... A23: 7.10 | B23: Physique | C23: Supports de stockage (destruction sécurisée) | D23: Entretien Devs | E23: Aucune procédure de destruction sécurisée des supports identifiée | F23: NC | G23: NC | H23: ZG | I23: =(IF(F23="C",1,0)+IF(G23="C",1,0)+IF(H23="C",1,0))/3 -> 0 | J23: =(IF(F23="NC",1,0)+IF(G23="NC",1,0)+IF(H23="NC",1,0))/3 -> 0.66666667 | K23: =(IF(F23="ZG",1,0)+IF(G23="ZG",1,0)+IF(H23="ZG",1,0))/3 -> 0.33333333 | L23: =IF(I23>0,-I23*LOG(I23,2),0)+IF(J23>0,-J23*LOG(J23,2),0)+IF(K23>0,-K23*LOG(K23,2),0) -> 0.91829583 | M23: =IF(L23<0.5,"Accord fort",IF(L23<1,"Discussion requise"," Arbitrage obligatoire")) -> Discussion requise
D25: H global | L25: =SUM(L4:L23)/20 -> 0.68872188

Sheet Entropie-Orga
A1: MUSA — PT02 — Audit Orga
A2: Onglet : Calcul entropie de Shannon par assertion
A3: Réf. assertion | B3: Assertion | C3: Aud.1 | D3: Aud.2 | E3: Aud.3 | F3: pC | G3: pNC | H3: pZG | I3: Hi (calculé) | J3: Interprétation
A4: ASS-001 | B4: Une politique de sécurité de l'information formelle et signée existe pour GIDOCEP | C4: ='Entretien-Direction'!F5 -> NC | D4: ='Entretien-Direction'!G5 -> NC | E4: ='Entretien-Direction'!H5 -> NC | F4: =COUNTIF(C4:E4,"C")/3 -> 0 | G4: =COUNTIF(C4:E4,"NC")/3 -> 1 | H4: =COUNTIF(C4:E4,"ZG")/3 -> 0 | I4: =IF(F4>0,-F4*LOG(F4,2),0)+IF(G4>0,-G4*LOG(G4,2),0)+IF(H4>0,-H4*LOG(H4,2),0) -> 0 | J4: =IF(I4<0.5,"Accord fort",IF(I4<1,"Discussion requise","Arbitrage obligatoire")) -> Accord fort
A5: ASS-002 | B5: Un Plan de Reprise d'Activité (PRA) existe et a été testé pour GIDOCEP | C5: ='Entretien-Direction'!F13 -> NC | D5: ='Entretien-Direction'!G13 -> NC | E5: ='Entretien-Direction'!H13 -> NC | F5: =COUNTIF(C5:E5,"C")/3 -> 0 | G5: =COUNTIF(C5:E5,"NC")/3 -> 1 | H5: =COUNTIF(C5:E5,"ZG")/3 -> 0 | I5: =IF(F5>0,-F5*LOG(F5,2),0)+IF(G5>0,-G5*LOG(G5,2),0)+IF(H5>0,-H5*LOG(H5,2),0) -> 0 | J5: =IF(I5<0.5,"Accord fort",IF(I5<1,"Discussion requise","Arbitrage obligatoire")) -> Accord fort
A6: ASS-003 | B6: Les incidents de sécurité sur GIDOCEP sont déclarés et documentés | C6: ='Entretien-Direction'!F10 -> NC | D6: ='Entretien-Direction'!G10 -> NC | E6: ='Entretien-Direction'!H10 -> NC | F6: =COUNTIF(C6:E6,"C")/3 -> 0 | G6: =COUNTIF(C6:E6,"NC")/3 -> 1 | H6: =COUNTIF(C6:E6,"ZG")/3 -> 0 | I6: =IF(F6>0,-F6*LOG(F6,2),0)+IF(G6>0,-G6*LOG(G6,2),0)+IF(H6>0,-H6*LOG(H6,2),0) -> 0 | J6: =IF(I6<0.5,"Accord fort",IF(I6<1,"Discussion requise","Arbitrage obligatoire")) -> Accord fort
A7: ASS-004 | B7: Les exigences de sécurité sont définies en amont du développement (SDLC) | C7: ='Entretien-Devs'!F5 -> NC | D7: ='Entretien-Devs'!G5 -> NC | E7: ='Entretien-Devs'!H5 -> NC | F7: =COUNTIF(C7:E7,"C")/3 -> 0 | G7: =COUNTIF(C7:E7,"NC")/3 -> 1 | H7: =COUNTIF(C7:E7,"ZG")/3 -> 0 | I7: =IF(F7>0,-F7*LOG(F7,2),0)+IF(G7>0,-G7*LOG(G7,2),0)+IF(H7>0,-H7*LOG(H7,2),0) -> 0 | J7: =IF(I7<0.5,"Accord fort",IF(I7<1,"Discussion requise","Arbitrage obligatoire")) -> Accord fort
A8: ASS-005 | B8: Les mots de passe sont stockés selon un mécanisme de hachage robuste et salé | C8: ='Entretien-Devs'!F13 -> NC | D8: ='Entretien-Devs'!G13 -> NC | E8: ='Entretien-Devs'!H13 -> NC | F8: =COUNTIF(C8:E8,"C")/3 -> 0 | G8: =COUNTIF(C8:E8,"NC")/3 -> 1 | H8: =COUNTIF(C8:E8,"ZG")/3 -> 0 | I8: =IF(F8>0,-F8*LOG(F8,2),0)+IF(G8>0,-G8*LOG(G8,2),0)+IF(H8>0,-H8*LOG(H8,2),0) -> 0 | J8: =IF(I8<0.5,"Accord fort",IF(I8<1,"Discussion requise","Arbitrage obligatoire")) -> Accord fort
A9: ASS-006 | B9: Les communications avec la base de données sont chiffrées | C9: ='Entretien-Devs'!F24 -> NC | D9: ='Entretien-Devs'!G24 -> NC | E9: ='Entretien-Devs'!H24 -> NC | F9: =COUNTIF(C9:E9,"C")/3 -> 0 | G9: =COUNTIF(C9:E9,"NC")/3 -> 1 | H9: =COUNTIF(C9:E9,"ZG")/3 -> 0 | I9: =IF(F9>0,-F9*LOG(F9,2),0)+IF(G9>0,-G9*LOG(G9,2),0)+IF(H9>0,-H9*LOG(H9,2),0) -> 0 | J9: =IF(I9<0.5,"Accord fort",IF(I9<1,"Discussion requise","Arbitrage obligatoire")) -> Accord fort
A10: ASS-007 | B10: Les utilisateurs ont reçu une formation/sensibilisation à la sécurité dans les 12 derniers mois | C10: ='Entretien-Utilisateurs'!I8 -> NC | D10: ='Entretien-Utilisateurs'!J8 -> NC | E10: ='Entretien-Utilisateurs'!K8 -> ZG | F10: =COUNTIF(C10:E10,"C")/3 -> 0 | G10: =COUNTIF(C10:E10,"NC")/3 -> 0.66666667 | H10: =COUNTIF(C10:E10,"ZG")/3 -> 0.33333333 | I10: =IF(F10>0,-F10*LOG(F10,2),0)+IF(G10>0,-G10*LOG(G10,2),0)+IF(H10>0,-H10*LOG(H10,2),0) -> 0.91829583 | J10: =IF(I10<0.5,"Accord fort",IF(I10<1,"Discussion requise","Arbitrage obligatoire")) -> Discussion requise
A11: ASS-008 | B11: L'accès physique à la salle serveur est contrôlé et traçable | C11: ='Inspection-Physique'!C4 -> NA | D11: ='Inspection-Physique'!D4 -> NA | E11: ='Inspection-Physique'!E4 -> NA | F11: =COUNTIF(C11:E11,"C")/3 -> 0 | G11: =COUNTIF(C11:E11,"NC")/3 -> 0 | H11: =COUNTIF(C11:E11,"ZG")/3 -> 0 | I11: =IF(F11>0,-F11*LOG(F11,2),0)+IF(G11>0,-G11*LOG(G11,2),0)+IF(H11>0,-H11*LOG(H11,2),0) -> 0 | J11: =IF(I11<0.5,"Accord fort",IF(I11<1,"Discussion requise","Arbitrage obligatoire")) -> Accord fort
A12: ASS-009 | B12: La politique de bureau propre (documents, mots de passe) est respectée | C12: ='Inspection-Physique'!C11 -> C | D12: ='Inspection-Physique'!D11 -> NC | E12: ='Inspection-Physique'!E11 -> NA | F12: =COUNTIF(C12:E12,"C")/3 -> 0.33333333 | G12: =COUNTIF(C12:E12,"NC")/3 -> 0.33333333 | H12: =COUNTIF(C12:E12,"ZG")/3 -> 0 | I12: =IF(F12>0,-F12*LOG(F12,2),0)+IF(G12>0,-G12*LOG(G12,2),0)+IF(H12>0,-H12*LOG(H12,2),0) -> 1.0566417 | J12: =IF(I12<0.5,"Accord fort",IF(I12<1,"Discussion requise","Arbitrage obligatoire")) -> Arbitrage obligatoire
A13: ASS-010 | B13: L'organisation est conforme à la loi 2010/012 régissant la cybersécurité au Cameroun | C13: ='Entretien-Direction'!F16 -> ZG | D13: ='Entretien-Direction'!G16 -> NC | E13: ='Entretien-Direction'!H16 -> ZG | F13: =COUNTIF(C13:E13,"C")/3 -> 0 | G13: =COUNTIF(C13:E13,"NC")/3 -> 0.33333333 | H13: =COUNTIF(C13:E13,"ZG")/3 -> 0.66666667 | I13: =IF(F13>0,-F13*LOG(F13,2),0)+IF(G13>0,-G13*LOG(G13,2),0)+IF(H13>0,-H13*LOG(H13,2),0) -> 0.91829583 | J13: =IF(I13<0.5,"Accord fort",IF(I13<1,"Discussion requise","Arbitrage obligatoire")) -> Discussion requise
D14: H_Moyen | I14: =SUM(I4:I13)/10 -> 0.28932333 | J14: =IF(I14<0.5,"Accord fort",IF(I14<1,"Discussion requise","Arbitrage obligatoire")) -> Accord fort
A16: Note : Aud.1/2/3 sont liés directement aux évaluations des onglets sources (formules de référence).

Sheet Synthèse-2a
A1: MUSA - PT02 - Audit Orga
A2: Onglet : Synthèse sous-phase 2a
B3: Valeur
A4: Nb total contrôles évalués | B4: =COUNTA('Entretien-Direction'!F5:F18)+COUNTA('Entretien-Devs'!F5:F25)+COUNTA('Inspection-Physique'!C4:C17)+COUNTA('ISO27001-Orga'!F4:F23) -> 69
A5: Nb Conformes (C) | B5: =COUNTIF('Entretien-Direction'!F5:F18,"C")+COUNTIF('Entretien-Devs'!F5:F25,"C")+COUNTIF('Inspection-Physique'!C4:C17,"C")+COUNTIF('ISO27001-Orga'!F4:F23,"C") -> 8
A6: Nb Non conformes (NC) | B6: =COUNTIF('Entretien-Direction'!F5:F18,"NC")+COUNTIF('Entretien-Devs'!F5:F25,"NC")+COUNTIF('Inspection-Physique'!C4:C17,"NC")+COUNTIF('ISO27001-Orga'!F4:F23,"NC") -> 30
A7: Nb Zones grises (ZG) | B7: =COUNTIF('Entretien-Direction'!F5:F18,"ZG")+COUNTIF('Entretien-Devs'!F5:F25,"ZG")+COUNTIF('Inspection-Physique'!C4:C17,"ZG")+COUNTIF('ISO27001-Orga'!F4:F23,"ZG") -> 24
A8: Nb Non applicables (NA) | B8: =COUNTIF('Entretien-Direction'!F5:F18,"NA")+COUNTIF('Entretien-Devs'!F5:F25,"NA")+COUNTIF('Inspection-Physique'!C4:C17,"NA")+COUNTIF('ISO27001-Orga'!F4:F23,"NA") -> 7
A9: Taux de conformité orga (%) | B9: =ROUND(B5/B4*100,1) -> 11.6
A10: Entropie moyenne H_global_orga | B10: =ROUND(AVERAGE('Entropie-Orga'!I4:I13),3) -> 0.289
A11: Score de maturité organisationnel | B11: =IF(B9>=80,"Niveau 4 - Optimisé",IF(B9>=60,"Niveau 3 - Maîtrisé",IF(B9>=40,"Niveau 2 - En construction",IF(B9>=20,"Niveau 1 - Initial","Niveau 0 - Inexistant")))) -> Niveau 0 - Inexistant
