Workbook

Sheet OWASP-V1-V7
A1: MUSA — PT03 — Audit Technique
A2: Onglet : OWASP ASVS v4.0.3 — Catégories V1 à V7 (Niveau 2) · Évaluation à 3 auditeurs
A3: Catég. | B3: Réf. | C3: Contrôle | D3: N1 | E3: N2 | F3: N3 | G3: Aud1 | H3: Aud2 | I3: Aud3 | J3: pC | K3: pNC | L3: pZG | M3: Hi | N3: Interprétation | O3: Preuve / Outil | P3: Observation
A4: V1 Architecture | B4: 1.1.1 | C4: Architecture documentée avec séparation des composants | D4: — | E4: ✓ | F4: ✓ | G4: ZG | H4: NC | I4: ZG | J4: =COUNTIF(G4:I4,"C")/3 -> 0 | K4: =COUNTIF(G4:I4,"NC")/3 -> 0.33333333 | L4: =COUNTIF(G4:I4,"ZG")/3 -> 0.66666667 | M4: =IF(J4>0,-J4*LOG(J4,2),0)+IF(K4>0,-K4*LOG(K4,2),0)+IF(L4>0,-L4*LOG(L4,2),0) -> 0.91829583 | N4: =IF(M4<0.5,"✓ Accord fort",IF(M4<1,"⚠ Discussion requise","✗ Arbitrage obligatoire")) -> ⚠ Discussion requise | O4: Revue documentaire | P4: Schéma d'architecture existant mais daté (>12 mois)
A5: V1 Architecture | B5: 1.1.2 | C5: Modélisation des menaces pour fonctions critiques | D5: — | E5: ✓ | F5: ✓ | G5: NC | H5: NC | I5: ZG | J5: =COUNTIF(G5:I5,"C")/3 -> 0 | K5: =COUNTIF(G5:I5,"NC")/3 -> 0.66666667 | L5: =COUNTIF(G5:I5,"ZG")/3 -> 0.33333333 | M5: =IF(J5>0,-J5*LOG(J5,2),0)+IF(K5>0,-K5*LOG(K5,2),0)+IF(L5>0,-L5*LOG(L5,2),0) -> 0.91829583 | N5: =IF(M5<0.5,"✓ Accord fort",IF(M5<1,"⚠ Discussion requise","✗ Arbitrage obligatoire")) -> ⚠ Discussion requise | O5: Revue documentaire | P5: Aucune modélisation des menaces réalisée
A6: V1 Architecture | B6: 1.1.4 | C6: Principe de moindre privilège appliqué | D6: — | E6: ✓ | F6: ✓ | G6: NC | H6: ZG | I6: NC | J6: =COUNTIF(G6:I6,"C")/3 -> 0 | K6: =COUNTIF(G6:I6,"NC")/3 -> 0.66666667 | L6: =COUNTIF(G6:I6,"ZG")/3 -> 0.33333333 | M6: =IF(J6>0,-J6*LOG(J6,2),0)+IF(K6>0,-K6*LOG(K6,2),0)+IF(L6>0,-L6*LOG(L6,2),0) -> 0.91829583 | N6: =IF(M6<0.5,"✓ Accord fort",IF(M6<1,"⚠ Discussion requise","✗ Arbitrage obligatoire")) -> ⚠ Discussion requise | O6: Matrice des droits | P6: Comptes administrateurs partagés entre profils techniques
A7: V2 Authentification | B7: 2.1.1 | C7: Mots de passe ≥ 12 caractères | D7: ✓ | E7: ✓ | F7: ✓ | G7: ZG | H7: NC | I7: ZG | J7: =COUNTIF(G7:I7,"C")/3 -> 0 | K7: =COUNTIF(G7:I7,"NC")/3 -> 0.33333333 | L7: =COUNTIF(G7:I7,"ZG")/3 -> 0.66666667 | M7: =IF(J7>0,-J7*LOG(J7,2),0)+IF(K7>0,-K7*LOG(K7,2),0)+IF(L7>0,-L7*LOG(L7,2),0) -> 0.91829583 | N7: =IF(M7<0.5,"✓ Accord fort",IF(M7<1,"⚠ Discussion requise","✗ Arbitrage obligatoire")) -> ⚠ Discussion requise | O7: Test manuel | P7: Longueur minimale non imposée par l'application
A8: V2 Authentification | B8: 2.1.4 | C8: Blocage après 10 tentatives échouées | D8: ✓ | E8: ✓ | F8: ✓ | G8: NC | H8: NC | I8: ZG | J8: =COUNTIF(G8:I8,"C")/3 -> 0 | K8: =COUNTIF(G8:I8,"NC")/3 -> 0.66666667 | L8: =COUNTIF(G8:I8,"ZG")/3 -> 0.33333333 | M8: =IF(J8>0,-J8*LOG(J8,2),0)+IF(K8>0,-K8*LOG(K8,2),0)+IF(L8>0,-L8*LOG(L8,2),0) -> 0.91829583 | N8: =IF(M8<0.5,"✓ Accord fort",IF(M8<1,"⚠ Discussion requise","✗ Arbitrage obligatoire")) -> ⚠ Discussion requise | O8: Test Hydra | P8: Aucun verrouillage après échecs répétés
A9: V2 Authentification | B9: 2.1.5 | C9: Mots de passe hachés (bcrypt/Argon2) | D9: ✓ | E9: ✓ | F9: ✓ | G9: NC | H9: ZG | I9: NC | J9: =COUNTIF(G9:I9,"C")/3 -> 0 | K9: =COUNTIF(G9:I9,"NC")/3 -> 0.66666667 | L9: =COUNTIF(G9:I9,"ZG")/3 -> 0.33333333 | M9: =IF(J9>0,-J9*LOG(J9,2),0)+IF(K9>0,-K9*LOG(K9,2),0)+IF(L9>0,-L9*LOG(L9,2),0) -> 0.91829583 | N9: =IF(M9<0.5,"✓ Accord fort",IF(M9<1,"⚠ Discussion requise","✗ Arbitrage obligatoire")) -> ⚠ Discussion requise | O9: SAST-001 | P9: Mots de passe hachés en MD5 sans sel
A10: V2 Authentification | B10: 2.2.1 | C10: MFA disponible pour comptes sensibles | D10: — | E10: ✓ | F10: ✓ | G10: NC | H10: NC | I10: NC | J10: =COUNTIF(G10:I10,"C")/3 -> 0 | K10: =COUNTIF(G10:I10,"NC")/3 -> 1 | L10: =COUNTIF(G10:I10,"ZG")/3 -> 0 | M10: =IF(J10>0,-J10*LOG(J10,2),0)+IF(K10>0,-K10*LOG(K10,2),0)+IF(L10>0,-L10*LOG(L10,2),0) -> 0 | N10: =IF(M10<0.5,"✓ Accord fort",IF(M10<1,"⚠ Discussion requise","✗ Arbitrage obligatoire")) -> ✓ Accord fort | O10: Test manuel | P10: Aucun mécanisme MFA disponible
A11: V2 Authentification | B11: 2.3.1 | C11: Identifiants initiaux changés dès 1ère connexion | D11: ✓ | E11: ✓ | F11: ✓ | G11: C | H11: C | I11: C | J11: =COUNTIF(G11:I11,"C")/3 -> 1 | K11: =COUNTIF(G11:I11,"NC")/3 -> 0 | L11: =COUNTIF(G11:I11,"ZG")/3 -> 0 | M11: =IF(J11>0,-J11*LOG(J11,2),0)+IF(K11>0,-K11*LOG(K11,2),0)+IF(L11>0,-L11*LOG(L11,2),0) -> 0 | N11: =IF(M11<0.5,"✓ Accord fort",IF(M11<1,"⚠ Discussion requise","✗ Arbitrage obligatoire")) -> ✓ Accord fort | O11: Test manuel | P11: Changement de mot de passe imposé à la première connexion
A12: V3 Session | B12: 3.1.1 | C12: Identifiants de session créés côté serveur | D12: ✓ | E12: ✓ | F12: ✓ | G12: C | H12: C | I12: C | J12: =COUNTIF(G12:I12,"C")/3 -> 1 | K12: =COUNTIF(G12:I12,"NC")/3 -> 0 | L12: =COUNTIF(G12:I12,"ZG")/3 -> 0 | M12: =IF(J12>0,-J12*LOG(J12,2),0)+IF(K12>0,-K12*LOG(K12,2),0)+IF(L12>0,-L12*LOG(L12,2),0) -> 0 | N12: =IF(M12<0.5,"✓ Accord fort",IF(M12<1,"⚠ Discussion requise","✗ Arbitrage obligatoire")) -> ✓ Accord fort | O12: Test manuel | P12: Identifiants de session générés côté serveur
A13: V3 Session | B13: 3.2.1 | C13: Session invalidée à la déconnexion | D13: ✓ | E13: ✓ | F13: ✓ | G13: C | H13: C | I13: C | J13: =COUNTIF(G13:I13,"C")/3 -> 1 | K13: =COUNTIF(G13:I13,"NC")/3 -> 0 | L13: =COUNTIF(G13:I13,"ZG")/3 -> 0 | M13: =IF(J13>0,-J13*LOG(J13,2),0)+IF(K13>0,-K13*LOG(K13,2),0)+IF(L13>0,-L13*LOG(L13,2),0) -> 0 | N13: =IF(M13<0.5,"✓ Accord fort",IF(M13<1,"⚠ Discussion requise","✗ Arbitrage obligatoire")) -> ✓ Accord fort | O13: Test manuel | P13: Session invalidée à la déconnexion
A14: V3 Session | B14: 3.2.2 | C14: Session expirée après inactivité (≤30 min) | D14: ✓ | E14: ✓ | F14: ✓ | G14: NC | H14: NC | I14: ZG | J14: =COUNTIF(G14:I14,"C")/3 -> 0 | K14: =COUNTIF(G14:I14,"NC")/3 -> 0.66666667 | L14: =COUNTIF(G14:I14,"ZG")/3 -> 0.33333333 | M14: =IF(J14>0,-J14*LOG(J14,2),0)+IF(K14>0,-K14*LOG(K14,2),0)+IF(L14>0,-L14*LOG(L14,2),0) -> 0.91829583 | N14: =IF(M14<0.5,"✓ Accord fort",IF(M14<1,"⚠ Discussion requise","✗ Arbitrage obligatoire")) -> ⚠ Discussion requise | O14: SAST-005 | P14: Durée de session de 8h, pas d'expiration par inactivité
A15: V3 Session | B15: 3.3.1 | C15: Cookies Secure + HttpOnly + SameSite | D15: ✓ | E15: ✓ | F15: ✓ | G15: ZG | H15: ZG | I15: NC | J15: =COUNTIF(G15:I15,"C")/3 -> 0 | K15: =COUNTIF(G15:I15,"NC")/3 -> 0.33333333 | L15: =COUNTIF(G15:I15,"ZG")/3 -> 0.66666667 | M15: =IF(J15>0,-J15*LOG(J15,2),0)+IF(K15>0,-K15*LOG(K15,2),0)+IF(L15>0,-L15*LOG(L15,2),0) -> 0.91829583 | N15: =IF(M15<0.5,"✓ Accord fort",IF(M15<1,"⚠ Discussion requise","✗ Arbitrage obligatoire")) -> ⚠ Discussion requise | O15: Inspection cookies | P15: HttpOnly présent ; SameSite absent ; Secure partiel
... A29: V7 Journalisation | B29: 7.4.1 | C29: Journaux protégés contre modification | D29: — | E29: ✓ | F29: ✓ | G29: NC | H29: NC | I29: ZG | J29: =COUNTIF(G29:I29,"C")/3 -> 0 | K29: =COUNTIF(G29:I29,"NC")/3 -> 0.66666667 | L29: =COUNTIF(G29:I29,"ZG")/3 -> 0.33333333 | M29: =IF(J29>0,-J29*LOG(J29,2),0)+IF(K29>0,-K29*LOG(K29,2),0)+IF(L29>0,-L29*LOG(L29,2),0) -> 0.91829583 | N29: =IF(M29<0.5,"✓ Accord fort",IF(M29<1,"⚠ Discussion requise","✗ Arbitrage obligatoire")) -> ⚠ Discussion requise | O29: DAST / entretien | P29: Journaux modifiables par les administrateurs BD
A30: Aud1 = TOMI OLAMA Gabrielle Solange (Lead auditor) · Aud2 = M. MBOUL Patrick (Expert métier) · Aud3 = M. NJEI CHECK (Référent institutionnel) | C : Conforme · NC : Non Conforme · ZG : Zone Grise · NA : Non Applicable

Sheet OWASP-V8-V14
A1: MUSA — PT03 — Audit Technique
A2: Onglet : OWASP ASVS v4.0.3 — Catégories V8 à V14 (Niveau 2) · Évaluation à 3 auditeurs
A3: Catég. | B3: Réf. | C3: Contrôle | D3: N1 | E3: N2 | F3: N3 | G3: Aud1 | H3: Aud2 | I3: Aud3 | J3: pC | K3: pNC | L3: pZG | M3: Hi | N3: Interprétation | O3: Preuve / Outil | P3: Observation
A4: V8 Données | B4: 8.1.1 | C4: Données sensibles non mises en cache côté client | D4: ✓ | E4: ✓ | F4: ✓ | G4: C | H4: C | I4: C | J4: =COUNTIF(G4:I4,"C")/3 -> 1 | K4: =COUNTIF(G4:I4,"NC")/3 -> 0 | L4: =COUNTIF(G4:I4,"ZG")/3 -> 0 | M4: =IF(J4>0,-J4*LOG(J4,2),0)+IF(K4>0,-K4*LOG(K4,2),0)+IF(L4>0,-L4*LOG(L4,2),0) -> 0 | N4: =IF(M4<0.5,"✓ Accord fort",IF(M4<1,"⚠ Discussion requise","✗ Arbitrage obligatoire")) -> ✓ Accord fort | O4: Test manuel | P4: Données sensibles non mises en cache côté client
A5: V8 Données | B5: 8.2.1 | C5: PII protégées selon lois applicables | D5: ✓ | E5: ✓ | F5: ✓ | G5: ZG | H5: C | I5: ZG | J5: =COUNTIF(G5:I5,"C")/3 -> 0.33333333 | K5: =COUNTIF(G5:I5,"NC")/3 -> 0 | L5: =COUNTIF(G5:I5,"ZG")/3 -> 0.66666667 | M5: =IF(J5>0,-J5*LOG(J5,2),0)+IF(K5>0,-K5*LOG(K5,2),0)+IF(L5>0,-L5*LOG(L5,2),0) -> 0.91829583 | N5: =IF(M5<0.5,"✓ Accord fort",IF(M5<1,"⚠ Discussion requise","✗ Arbitrage obligatoire")) -> ⚠ Discussion requise | O5: Revue | P5: Protection partielle des données personnelles des agents
A6: V8 Données | B6: 8.3.2 | C6: Données sensibles chiffrées en transit | D6: ✓ | E6: ✓ | F6: ✓ | G6: ZG | H6: ZG | I6: NC | J6: =COUNTIF(G6:I6,"C")/3 -> 0 | K6: =COUNTIF(G6:I6,"NC")/3 -> 0.33333333 | L6: =COUNTIF(G6:I6,"ZG")/3 -> 0.66666667 | M6: =IF(J6>0,-J6*LOG(J6,2),0)+IF(K6>0,-K6*LOG(K6,2),0)+IF(L6>0,-L6*LOG(L6,2),0) -> 0.91829583 | N6: =IF(M6<0.5,"✓ Accord fort",IF(M6<1,"⚠ Discussion requise","✗ Arbitrage obligatoire")) -> ⚠ Discussion requise | O6: testssl / Wireshark | P6: HTTPS sur le front mais connexion BDD non chiffrée
A7: V8 Données | B7: 8.3.3 | C7: Données sensibles chiffrées au repos | D7: — | E7: ✓ | F7: ✓ | G7: NC | H7: NC | I7: NC | J7: =COUNTIF(G7:I7,"C")/3 -> 0 | K7: =COUNTIF(G7:I7,"NC")/3 -> 1 | L7: =COUNTIF(G7:I7,"ZG")/3 -> 0 | M7: =IF(J7>0,-J7*LOG(J7,2),0)+IF(K7>0,-K7*LOG(K7,2),0)+IF(L7>0,-L7*LOG(L7,2),0) -> 0 | N7: =IF(M7<0.5,"✓ Accord fort",IF(M7<1,"⚠ Discussion requise","✗ Arbitrage obligatoire")) -> ✓ Accord fort | O7: Inspection BDD | P7: Données stockées en clair dans la base
A8: V9 Communications | B8: 9.1.1 | C8: TLS pour toutes communications sensibles | D8: ✓ | E8: ✓ | F8: ✓ | G8: NC | H8: NC | I8: ZG | J8: =COUNTIF(G8:I8,"C")/3 -> 0 | K8: =COUNTIF(G8:I8,"NC")/3 -> 0.66666667 | L8: =COUNTIF(G8:I8,"ZG")/3 -> 0.33333333 | M8: =IF(J8>0,-J8*LOG(J8,2),0)+IF(K8>0,-K8*LOG(K8,2),0)+IF(L8>0,-L8*LOG(L8,2),0) -> 0.91829583 | N8: =IF(M8<0.5,"✓ Accord fort",IF(M8<1,"⚠ Discussion requise","✗ Arbitrage obligatoire")) -> ⚠ Discussion requise | O8: Wireshark | P8: Connexion à la base de données non chiffrée (pas de TLS)
A9: V9 Communications | B9: 9.1.2 | C9: TLS 1.2+ uniquement | D9: ✓ | E9: ✓ | F9: ✓ | G9: C | H9: C | I9: C | J9: =COUNTIF(G9:I9,"C")/3 -> 1 | K9: =COUNTIF(G9:I9,"NC")/3 -> 0 | L9: =COUNTIF(G9:I9,"ZG")/3 -> 0 | M9: =IF(J9>0,-J9*LOG(J9,2),0)+IF(K9>0,-K9*LOG(K9,2),0)+IF(L9>0,-L9*LOG(L9,2),0) -> 0 | N9: =IF(M9<0.5,"✓ Accord fort",IF(M9<1,"⚠ Discussion requise","✗ Arbitrage obligatoire")) -> ✓ Accord fort | O9: testssl.sh | P9: Front configuré en TLS 1.2
A10: V9 Communications | B10: 9.2.1 | C10: Certificats valides, non expirés | D10: ✓ | E10: ✓ | F10: ✓ | G10: C | H10: C | I10: C | J10: =COUNTIF(G10:I10,"C")/3 -> 1 | K10: =COUNTIF(G10:I10,"NC")/3 -> 0 | L10: =COUNTIF(G10:I10,"ZG")/3 -> 0 | M10: =IF(J10>0,-J10*LOG(J10,2),0)+IF(K10>0,-K10*LOG(K10,2),0)+IF(L10>0,-L10*LOG(L10,2),0) -> 0 | N10: =IF(M10<0.5,"✓ Accord fort",IF(M10<1,"⚠ Discussion requise","✗ Arbitrage obligatoire")) -> ✓ Accord fort | O10: testssl.sh | P10: Certificat valide et non expiré
A11: V10 Code malveillant | B11: 10.1.1 | C11: Pas de backdoor ni code malveillant | D11: — | E11: ✓ | F11: ✓ | G11: C | H11: C | I11: C | J11: =COUNTIF(G11:I11,"C")/3 -> 1 | K11: =COUNTIF(G11:I11,"NC")/3 -> 0 | L11: =COUNTIF(G11:I11,"ZG")/3 -> 0 | M11: =IF(J11>0,-J11*LOG(J11,2),0)+IF(K11>0,-K11*LOG(K11,2),0)+IF(L11>0,-L11*LOG(L11,2),0) -> 0 | N11: =IF(M11<0.5,"✓ Accord fort",IF(M11<1,"⚠ Discussion requise","✗ Arbitrage obligatoire")) -> ✓ Accord fort | O11: SAST | P11: Aucun code malveillant ni backdoor détecté
A12: V10 Code malveillant | B12: 10.2.1 | C12: Intégrité des fichiers critiques vérifiable | D12: — | E12: ✓ | F12: ✓ | G12: NC | H12: ZG | I12: NC | J12: =COUNTIF(G12:I12,"C")/3 -> 0 | K12: =COUNTIF(G12:I12,"NC")/3 -> 0.66666667 | L12: =COUNTIF(G12:I12,"ZG")/3 -> 0.33333333 | M12: =IF(J12>0,-J12*LOG(J12,2),0)+IF(K12>0,-K12*LOG(K12,2),0)+IF(L12>0,-L12*LOG(L12,2),0) -> 0.91829583 | N12: =IF(M12<0.5,"✓ Accord fort",IF(M12<1,"⚠ Discussion requise","✗ Arbitrage obligatoire")) -> ⚠ Discussion requise | O12: Revue config | P12: Aucun contrôle d'intégrité des fichiers critiques
A13: V11 Logique métier | B13: 11.1.1 | C13: Flux métier non contournables | D13: ✓ | E13: ✓ | F13: ✓ | G13: ZG | H13: NC | I13: ZG | J13: =COUNTIF(G13:I13,"C")/3 -> 0 | K13: =COUNTIF(G13:I13,"NC")/3 -> 0.33333333 | L13: =COUNTIF(G13:I13,"ZG")/3 -> 0.66666667 | M13: =IF(J13>0,-J13*LOG(J13,2),0)+IF(K13>0,-K13*LOG(K13,2),0)+IF(L13>0,-L13*LOG(L13,2),0) -> 0.91829583 | N13: =IF(M13<0.5,"✓ Accord fort",IF(M13<1,"⚠ Discussion requise","✗ Arbitrage obligatoire")) -> ⚠ Discussion requise | O13: Manuel LM-07 | P13: Contrôle de période contournable via accès BDD direct
A14: V11 Logique métier | B14: 11.1.2 | C14: Limites de valeurs vérifiées côté serveur | D14: ✓ | E14: ✓ | F14: ✓ | G14: C | H14: C | I14: C | J14: =COUNTIF(G14:I14,"C")/3 -> 1 | K14: =COUNTIF(G14:I14,"NC")/3 -> 0 | L14: =COUNTIF(G14:I14,"ZG")/3 -> 0 | M14: =IF(J14>0,-J14*LOG(J14,2),0)+IF(K14>0,-K14*LOG(K14,2),0)+IF(L14>0,-L14*LOG(L14,2),0) -> 0 | N14: =IF(M14<0.5,"✓ Accord fort",IF(M14<1,"⚠ Discussion requise","✗ Arbitrage obligatoire")) -> ✓ Accord fort | O14: Manuel LM | P14: Limites de valeurs vérifiées côté serveur
A15: V11 Logique métier | B15: 11.1.4 | C15: Données métier sensibles non exposées | D15: ✓ | E15: ✓ | F15: ✓ | G15: ZG | H15: ZG | I15: NC | J15: =COUNTIF(G15:I15,"C")/3 -> 0 | K15: =COUNTIF(G15:I15,"NC")/3 -> 0.33333333 | L15: =COUNTIF(G15:I15,"ZG")/3 -> 0.66666667 | M15: =IF(J15>0,-J15*LOG(J15,2),0)+IF(K15>0,-K15*LOG(K15,2),0)+IF(L15>0,-L15*LOG(L15,2),0) -> 0.91829583 | N15: =IF(M15<0.5,"✓ Accord fort",IF(M15<1,"⚠ Discussion requise","✗ Arbitrage obligatoire")) -> ⚠ Discussion requise | O15: Manuel | P15: Certaines données métier exposées dans les réponses API
... A24: V14 Configuration | B24: 14.5.1 | C24: CORS configuré de façon restrictive | D24: ✓ | E24: ✓ | F24: ✓ | G24: ZG | H24: ZG | I24: NC | J24: =COUNTIF(G24:I24,"C")/3 -> 0 | K24: =COUNTIF(G24:I24,"NC")/3 -> 0.33333333 | L24: =COUNTIF(G24:I24,"ZG")/3 -> 0.66666667 | M24: =IF(J24>0,-J24*LOG(J24,2),0)+IF(K24>0,-K24*LOG(K24,2),0)+IF(L24>0,-L24*LOG(L24,2),0) -> 0.91829583 | N24: =IF(M24<0.5,"✓ Accord fort",IF(M24<1,"⚠ Discussion requise","✗ Arbitrage obligatoire")) -> ⚠ Discussion requise | O24: Test manuel | P24: CORS permissif sur certains endpoints
A25: Aud1 = TOMI OLAMA Gabrielle Solange (Lead auditor) · Aud2 = M. MBOUL Patrick (Expert métier) · Aud3 = M. NJEI CHECK (Référent institutionnel) | C : Conforme · NC : Non Conforme · ZG : Zone Grise · NA : Non Applicable

Sheet NIST-Exécution
A1: MUSA — PT03 — Audit Technique
A2: Onglet : NIST SP 800-115 — Phase exécution
A3: Technique | B3: Description | C3: Outil principal | D3: Outil secondaire | E3: Statut | F3: Résultat synthétique | G3: Réf. preuve
A4: Analyse statique (SAST) | B4: Analyse du code source sans exécution | C4: SonarQube | D4: Semgrep | E4: Réalisé | F4: 8 vulnérabilités confirmées (MD5, SQL dynamique, secrets en clair) | G4: SAST-001 à 008
A5: Scan vulnérabilités réseau | B5: Identification automatique des failles | C5: OpenVAS | D5: Nikto | E5: Réalisé | F5: Version serveur obsolète, ports superflus ouverts | G5: Annexe A5 (OpenVAS)
A6: Test dynamique (DAST) | B6: Test de l'application en cours d'exécution | C6: OWASP ZAP | D6: Burp Suite | E6: Réalisé | F6: XSS stockée, IDOR, en-têtes de sécurité manquants | G6: DAST-001 à 008
A7: Test injection SQL | B7: Injection dans formulaires et paramètres URL | C7: SQLMap | D7: Manuel | E7: Réalisé | F7: Injection SQL confirmée sur /recherche | G7: DAST-003
A8: Test XSS | B8: Injection de scripts côté client | C8: XSSer | D8: Manuel | E8: Réalisé | F8: XSS stockée via le libellé d'écriture | G8: DAST-002
A9: Test authentification | B9: Force brute, contournement d'authentification | C9: Hydra | D9: Manuel | E9: Réalisé | F9: Pas de verrouillage, mots de passe faibles acceptés | G9: Annexe A6 (Hydra)
A10: Test contrôle d'accès | B10: Accès non autorisés, escalade de privilèges | C10: Manuel | D10: Burp Repeater | E10: Réalisé | F10: IDOR établissement ; fonctions admin cloisonnées | G10: DAST-004
A11: Test de configuration | B11: Vérification configs serveur/appli/OS | C11: Lynis | D11: Manuel | E11: Réalisé | F11: Bannière serveur exposée, stack traces visibles | G11: Annexe A7 (Lynis)
A12: Test chiffrement TLS | B12: Vérification suites cryptographiques | C12: SSLScan | D12: testssl.sh | E12: Réalisé | F12: Front TLS 1.2 OK ; base de données sans TLS | G12: Annexe A8 (testssl)
A13: Test logique métier | B13: Contournement workflow comptable GIDOCEP | C13: Manuel | D13: Burp Repeater | E13: Réalisé | F13: Période comptable contournable via accès BDD direct | G13: Annexe A9 (manuel)

Sheet Résultats-SAST
A1: MUSA — PT03 — Audit Technique
A2: Onglet : Résultats SAST (SonarQube + Semgrep)
A3: ID | B3: Fichier / Module | C3: Ligne | D3: Sévérité SonarQube | E3: Description | F3: Catégorie OWASP | G3: Confirmé ? | H3: Priorité
A4: SAST-001 | B4: auth/PasswordHasher.php | C4: 42 | D4: Bloquant | E4: Hachage des mots de passe en MD5 sans sel | F4: V2 | G4: Oui | H4: Critique
A5: SAST-002 | B5: search/EcritureRepository.php | C5: 118 | D5: Critique | E5: Requête SQL construite par concaténation de chaînes | F5: V5 | G5: Oui | H5: Élevé
A6: SAST-003 | B6: config/database.php | C6: 7 | D6: Critique | E6: Identifiants de base de données en clair dans le fichier | F6: V6 | G6: Oui | H6: Élevé
A7: SAST-004 | B7: views/ecriture_libelle.php | C7: 65 | D7: Majeur | E7: Donnée affichée sans encodage de sortie (risque XSS) | F7: V5 | G7: Oui | H7: Modéré
A8: SAST-005 | B8: session/SessionManager.php | C8: 23 | D8: Majeur | E8: Durée de session codée en dur à 8 heures | F8: V3 | G8: Oui | H8: Modéré
A9: SAST-006 | B9: controller/AdminController.php | C9: 12 | D9: Majeur | E9: Vérification de rôle absente sur une route d'administration | F9: V4 | G9: Oui | H9: Élevé
A10: SAST-007 | B10: lib/vendor (tiers) | C10: — | D10: Majeur | E10: Bibliothèques tierces obsolètes avec CVE connues | F10: V14 | G10: Oui | H10: Élevé
A11: SAST-008 | B11: error/Handler.php | C11: 88 | D11: Mineur | E11: Affichage de la stack trace en cas d'erreur | F11: V14 | G11: Oui | H11: Faible
A12: SAST-009
A13: SAST-010

Sheet Résultats-DAST
A1: MUSA — PT03 — Audit Technique
A2: Onglet : Résultats DAST (OWASP ZAP + Burp Suite)
A3: ID | B3: URL / Point d'entrée | C3: Type de vulnérabilité | D3: Sévérité | E3: Description | F3: Preuve (capture) | G3: Priorité
A4: DAST-001 | B4: /login | C4: Absence de MFA / de verrouillage | D4: Moyenne | E4: Force brute possible, aucun blocage de compte | F4: Capture ZAP-01 | G4: Modéré
A5: DAST-002 | B5: /ecriture/edit | C5: XSS stockée | D5: Haute | E5: Script persistant injecté via le champ libellé | F5: Capture ZAP-02 | G5: Modéré
A6: DAST-003 | B6: /recherche?q= | C6: Injection SQL | D6: Critique | E6: Extraction de données confirmée via SQLMap | F6: Capture ZAP-03 | G6: Critique
A7: DAST-004 | B7: /api/etablissement/{id} | C7: IDOR | D7: Haute | E7: Accès aux données d'un autre établissement | F7: Capture ZAP-04 | G7: Élevé
A8: DAST-005 | B8: (en-têtes globaux) | C8: En-têtes de sécurité manquants | D8: Moyenne | E8: CSP, HSTS et X-Frame-Options absents | F8: Capture ZAP-05 | G8: Modéré
A9: DAST-006 | B9: (transport BDD) | C9: Transport non chiffré | D9: Haute | E9: Trafic base de données capturé en clair | F9: Capture Wireshark-06 | G9: Élevé
A10: DAST-007 | B10: (cookies de session) | C10: Attributs de cookie incomplets | D10: Faible | E10: Attribut SameSite absent | F10: Capture ZAP-07 | G10: Faible
A11: DAST-008 | B11: / (page d'accueil) | C11: Divulgation de bannière serveur | D11: Faible | E11: Version du serveur exposée dans les en-têtes | F11: Capture ZAP-08 | G11: Faible
A12: DAST-009
A13: DAST-010

Sheet Config-Serveur
A1: MUSA — PT03 — Audit Technique
A2: Onglet : Checklist configuration serveur / BDD / OS · Évaluation à 3 auditeurs
A3: Composant | B3: Point de contrôle | C3: Aud1 | D3: Aud2 | E3: Aud3 | F3: pC | G3: pNC | H3: pZG | I3: Hi | J3: Interprétation | K3: Valeur observée | L3: Valeur attendue | M3: Obs.
A4: Serveur web | B4: Version du serveur web à jour (pas de version < N-2) | C4: NC | D4: NC | E4: NC | F4: =COUNTIF(C4:E4,"C")/3 -> 0 | G4: =COUNTIF(C4:E4,"NC")/3 -> 1 | H4: =COUNTIF(C4:E4,"ZG")/3 -> 0 | I4: =IF(F4>0,-F4*LOG(F4,2),0)+IF(G4>0,-G4*LOG(G4,2),0)+IF(H4>0,-H4*LOG(H4,2),0) -> 0 | J4: =IF(I4<0.5,"✓ Accord fort",IF(I4<1,"⚠ Discussion requise","✗ Arbitrage obligatoire")) -> ✓ Accord fort | K4: Version antérieure à N-2 détectée | L4: Version N ou N-1 | M4: OpenVAS
A5: Serveur web | B5: Bannière serveur non divulguée dans les en-têtes HTTP | C5: NC | D5: NC | E5: ZG | F5: =COUNTIF(C5:E5,"C")/3 -> 0 | G5: =COUNTIF(C5:E5,"NC")/3 -> 0.66666667 | H5: =COUNTIF(C5:E5,"ZG")/3 -> 0.33333333 | I5: =IF(F5>0,-F5*LOG(F5,2),0)+IF(G5>0,-G5*LOG(G5,2),0)+IF(H5>0,-H5*LOG(H5,2),0) -> 0.91829583 | J5: =IF(I5<0.5,"✓ Accord fort",IF(I5<1,"⚠ Discussion requise","✗ Arbitrage obligatoire")) -> ⚠ Discussion requise | K5: Bannière serveur exposée dans les en-têtes | L5: Bannière masquée | M5: Headers HTTP
A6: Serveur web | B6: Modules/fonctions inutiles désactivés | C6: ZG | D6: ZG | E6: NC | F6: =COUNTIF(C6:E6,"C")/3 -> 0 | G6: =COUNTIF(C6:E6,"NC")/3 -> 0.33333333 | H6: =COUNTIF(C6:E6,"ZG")/3 -> 0.66666667 | I6: =IF(F6>0,-F6*LOG(F6,2),0)+IF(G6>0,-G6*LOG(G6,2),0)+IF(H6>0,-H6*LOG(H6,2),0) -> 0.91829583 | J6: =IF(I6<0.5,"✓ Accord fort",IF(I6<1,"⚠ Discussion requise","✗ Arbitrage obligatoire")) -> ⚠ Discussion requise | K6: Quelques modules non essentiels actifs | L6: Strict minimum | M6: —
A7: Serveur web | B7: En-têtes de sécurité HTTP présents (HSTS, CSP, X-Frame) | C7: NC | D7: NC | E7: NC | F7: =COUNTIF(C7:E7,"C")/3 -> 0 | G7: =COUNTIF(C7:E7,"NC")/3 -> 1 | H7: =COUNTIF(C7:E7,"ZG")/3 -> 0 | I7: =IF(F7>0,-F7*LOG(F7,2),0)+IF(G7>0,-G7*LOG(G7,2),0)+IF(H7>0,-H7*LOG(H7,2),0) -> 0 | J7: =IF(I7<0.5,"✓ Accord fort",IF(I7<1,"⚠ Discussion requise","✗ Arbitrage obligatoire")) -> ✓ Accord fort | K7: CSP, HSTS et X-Frame-Options absents | L7: En-têtes présents | M7: Lynis
A8: Base de données | B8: Version BDD à jour | C8: ZG | D8: C | E8: ZG | F8: =COUNTIF(C8:E8,"C")/3 -> 0.33333333 | G8: =COUNTIF(C8:E8,"NC")/3 -> 0 | H8: =COUNTIF(C8:E8,"ZG")/3 -> 0.66666667 | I8: =IF(F8>0,-F8*LOG(F8,2),0)+IF(G8>0,-G8*LOG(G8,2),0)+IF(H8>0,-H8*LOG(H8,2),0) -> 0.91829583 | J8: =IF(I8<0.5,"✓ Accord fort",IF(I8<1,"⚠ Discussion requise","✗ Arbitrage obligatoire")) -> ⚠ Discussion requise | K8: Version stable mais une mineure de retard | L8: À jour | M8: —
A9: Base de données | B9: Compte BDD applicatif avec droits minimaux (non-root) | C9: NC | D9: ZG | E9: NC | F9: =COUNTIF(C9:E9,"C")/3 -> 0 | G9: =COUNTIF(C9:E9,"NC")/3 -> 0.66666667 | H9: =COUNTIF(C9:E9,"ZG")/3 -> 0.33333333 | I9: =IF(F9>0,-F9*LOG(F9,2),0)+IF(G9>0,-G9*LOG(G9,2),0)+IF(H9>0,-H9*LOG(H9,2),0) -> 0.91829583 | J9: =IF(I9<0.5,"✓ Accord fort",IF(I9<1,"⚠ Discussion requise","✗ Arbitrage obligatoire")) -> ⚠ Discussion requise | K9: Compte applicatif aux droits étendus | L9: Droits minimaux (non-root) | M9: Revue BDD
A10: Base de données | B10: Port BDD non exposé sur le réseau public | C10: C | D10: C | E10: C | F10: =COUNTIF(C10:E10,"C")/3 -> 1 | G10: =COUNTIF(C10:E10,"NC")/3 -> 0 | H10: =COUNTIF(C10:E10,"ZG")/3 -> 0 | I10: =IF(F10>0,-F10*LOG(F10,2),0)+IF(G10>0,-G10*LOG(G10,2),0)+IF(H10>0,-H10*LOG(H10,2),0) -> 0 | J10: =IF(I10<0.5,"✓ Accord fort",IF(I10<1,"⚠ Discussion requise","✗ Arbitrage obligatoire")) -> ✓ Accord fort | K10: Port BDD non exposé sur le réseau public | L10: Non exposé | M10: Nmap
A11: Base de données | B11: Connexions BDD chiffrées (SSL/TLS) | C11: NC | D11: NC | E11: ZG | F11: =COUNTIF(C11:E11,"C")/3 -> 0 | G11: =COUNTIF(C11:E11,"NC")/3 -> 0.66666667 | H11: =COUNTIF(C11:E11,"ZG")/3 -> 0.33333333 | I11: =IF(F11>0,-F11*LOG(F11,2),0)+IF(G11>0,-G11*LOG(G11,2),0)+IF(H11>0,-H11*LOG(H11,2),0) -> 0.91829583 | J11: =IF(I11<0.5,"✓ Accord fort",IF(I11<1,"⚠ Discussion requise","✗ Arbitrage obligatoire")) -> ⚠ Discussion requise | K11: Aucun chiffrement TLS sur la BDD | L11: SSL/TLS actif | M11: testssl
A12: OS | B12: Système d'exploitation à jour (patches sécurité appliqués) | C12: ZG | D12: ZG | E12: NC | F12: =COUNTIF(C12:E12,"C")/3 -> 0 | G12: =COUNTIF(C12:E12,"NC")/3 -> 0.33333333 | H12: =COUNTIF(C12:E12,"ZG")/3 -> 0.66666667 | I12: =IF(F12>0,-F12*LOG(F12,2),0)+IF(G12>0,-G12*LOG(G12,2),0)+IF(H12>0,-H12*LOG(H12,2),0) -> 0.91829583 | J12: =IF(I12<0.5,"✓ Accord fort",IF(I12<1,"⚠ Discussion requise","✗ Arbitrage obligatoire")) -> ⚠ Discussion requise | K12: Patches de sécurité partiellement appliqués | L12: À jour | M12: Lynis
A13: OS | B13: Services réseau inutiles désactivés | C13: ZG | D13: NC | E13: ZG | F13: =COUNTIF(C13:E13,"C")/3 -> 0 | G13: =COUNTIF(C13:E13,"NC")/3 -> 0.33333333 | H13: =COUNTIF(C13:E13,"ZG")/3 -> 0.66666667 | I13: =IF(F13>0,-F13*LOG(F13,2),0)+IF(G13>0,-G13*LOG(G13,2),0)+IF(H13>0,-H13*LOG(H13,2),0) -> 0.91829583 | J13: =IF(I13<0.5,"✓ Accord fort",IF(I13<1,"⚠ Discussion requise","✗ Arbitrage obligatoire")) -> ⚠ Discussion requise | K13: Services réseau superflus actifs | L13: Désactivés | M13: Nmap
A14: OS | B14: Firewall OS configuré (règles restrictives) | C14: C | D14: C | E14: C | F14: =COUNTIF(C14:E14,"C")/3 -> 1 | G14: =COUNTIF(C14:E14,"NC")/3 -> 0 | H14: =COUNTIF(C14:E14,"ZG")/3 -> 0 | I14: =IF(F14>0,-F14*LOG(F14,2),0)+IF(G14>0,-G14*LOG(G14,2),0)+IF(H14>0,-H14*LOG(H14,2),0) -> 0 | J14: =IF(I14<0.5,"✓ Accord fort",IF(I14<1,"⚠ Discussion requise","✗ Arbitrage obligatoire")) -> ✓ Accord fort | K14: Règles de pare-feu restrictives en place | L14: Restrictif | M14: Lynis
A15: OS | B15: Journalisation OS activée et protégée | C15: ZG | D15: ZG | E15: NC | F15: =COUNTIF(C15:E15,"C")/3 -> 0 | G15: =COUNTIF(C15:E15,"NC")/3 -> 0.33333333 | H15: =COUNTIF(C15:E15,"ZG")/3 -> 0.66666667 | I15: =IF(F15>0,-F15*LOG(F15,2),0)+IF(G15>0,-G15*LOG(G15,2),0)+IF(H15>0,-H15*LOG(H15,2),0) -> 0.91829583 | J15: =IF(I15<0.5,"✓ Accord fort",IF(I15<1,"⚠ Discussion requise","✗ Arbitrage obligatoire")) -> ⚠ Discussion requise | K15: Journalisation active mais non protégée | L15: Active et protégée | M15: Lynis
... A18: Application | B18: Gestion des erreurs ne divulgue pas de stack traces | C18: NC | D18: ZG | E18: NC | F18: =COUNTIF(C18:E18,"C")/3 -> 0 | G18: =COUNTIF(C18:E18,"NC")/3 -> 0.66666667 | H18: =COUNTIF(C18:E18,"ZG")/3 -> 0.33333333 | I18: =IF(F18>0,-F18*LOG(F18,2),0)+IF(G18>0,-G18*LOG(G18,2),0)+IF(H18>0,-H18*LOG(H18,2),0) -> 0.91829583 | J18: =IF(I18<0.5,"✓ Accord fort",IF(I18<1,"⚠ Discussion requise","✗ Arbitrage obligatoire")) -> ⚠ Discussion requise | K18: Stack traces visibles en cas d'erreur | L18: Messages d'erreur génériques | M18: SAST-008
A19: Aud1 = TOMI OLAMA Gabrielle Solange (Lead auditor) · Aud2 = M. MBOUL Patrick (Expert métier) · Aud3 = M. NJEI CHECK (Référent institutionnel) | C : Conforme · NC : Non Conforme · ZG : Zone Grise · NA : Non Applicable

Sheet Logique-Métier
A1: MUSA — PT03 — Audit Technique
A2: Onglet : Points de contrôle logique métier GIDOCEP · Évaluation à 3 auditeurs
A3: Flux / Fonctionnalité | B3: Scénario de test | C3: Résultat attendu | D3: Résultat observé | E3: Statut | F3: Preuve | G3: Aud1 | H3: Aud2 | I3: Aud3 | J3: pC | K3: pNC | L3: pZG | M3: Hi | N3: Interprétation
A4: Saisie écriture comptable | B4: Tenter une saisie avec montant négatif | C4: Refus avec message d'erreur | D4: Saisie refusée avec message d'erreur | E4: Conforme | F4: LM-01 | G4: C | H4: C | I4: C | J4: =COUNTIF(G4:I4,"C")/3 -> 1 | K4: =COUNTIF(G4:I4,"NC")/3 -> 0 | L4: =COUNTIF(G4:I4,"ZG")/3 -> 0 | M4: =IF(J4>0,-J4*LOG(J4,2),0)+IF(K4>0,-K4*LOG(K4,2),0)+IF(L4>0,-L4*LOG(L4,2),0) -> 0 | N4: =IF(M4<0.5,"✓ Accord fort",IF(M4<1,"⚠ Discussion requise","✗ Arbitrage obligatoire")) -> ✓ Accord fort
A5: Saisie écriture comptable | B5: Saisir une écriture hors-période comptable | C5: Blocage par le système | D5: Saisie bloquée via l'interface | E5: Conforme | F5: LM-02 | G5: C | H5: C | I5: C | J5: =COUNTIF(G5:I5,"C")/3 -> 1 | K5: =COUNTIF(G5:I5,"NC")/3 -> 0 | L5: =COUNTIF(G5:I5,"ZG")/3 -> 0 | M5: =IF(J5>0,-J5*LOG(J5,2),0)+IF(K5>0,-K5*LOG(K5,2),0)+IF(L5>0,-L5*LOG(L5,2),0) -> 0 | N5: =IF(M5<0.5,"✓ Accord fort",IF(M5<1,"⚠ Discussion requise","✗ Arbitrage obligatoire")) -> ✓ Accord fort
A6: Validation comptable | B6: Contourner le workflow de validation (manipulation requête) | C6: Validation impossible sans approbation | D6: Validation impossible sans approbation | E6: Conforme | F6: LM-03 | G6: C | H6: C | I6: C | J6: =COUNTIF(G6:I6,"C")/3 -> 1 | K6: =COUNTIF(G6:I6,"NC")/3 -> 0 | L6: =COUNTIF(G6:I6,"ZG")/3 -> 0 | M6: =IF(J6>0,-J6*LOG(J6,2),0)+IF(K6>0,-K6*LOG(K6,2),0)+IF(L6>0,-L6*LOG(L6,2),0) -> 0 | N6: =IF(M6<0.5,"✓ Accord fort",IF(M6<1,"⚠ Discussion requise","✗ Arbitrage obligatoire")) -> ✓ Accord fort
A7: Validation comptable | B7: Modifier une écriture validée directement en BDD | C7: Traçabilité conservée + alerte | D7: Modification possible, tracée a posteriori | E7: Partiel | F7: LM-04 | G7: ZG | H7: NC | I7: ZG | J7: =COUNTIF(G7:I7,"C")/3 -> 0 | K7: =COUNTIF(G7:I7,"NC")/3 -> 0.33333333 | L7: =COUNTIF(G7:I7,"ZG")/3 -> 0.66666667 | M7: =IF(J7>0,-J7*LOG(J7,2),0)+IF(K7>0,-K7*LOG(K7,2),0)+IF(L7>0,-L7*LOG(L7,2),0) -> 0.91829583 | N7: =IF(M7<0.5,"✓ Accord fort",IF(M7<1,"⚠ Discussion requise","✗ Arbitrage obligatoire")) -> ⚠ Discussion requise
A8: Séparation établissements | B8: Accéder aux données d'un autre établissement | C8: Accès refusé (erreur 403) | D8: Accès obtenu aux données d'un autre établissement | E8: Non conforme | F8: DAST-004 | G8: NC | H8: NC | I8: ZG | J8: =COUNTIF(G8:I8,"C")/3 -> 0 | K8: =COUNTIF(G8:I8,"NC")/3 -> 0.66666667 | L8: =COUNTIF(G8:I8,"ZG")/3 -> 0.33333333 | M8: =IF(J8>0,-J8*LOG(J8,2),0)+IF(K8>0,-K8*LOG(K8,2),0)+IF(L8>0,-L8*LOG(L8,2),0) -> 0.91829583 | N8: =IF(M8<0.5,"✓ Accord fort",IF(M8<1,"⚠ Discussion requise","✗ Arbitrage obligatoire")) -> ⚠ Discussion requise
A9: Séparation établissements | B9: Modifier l'ID d'établissement dans l'URL (IDOR) | C9: Accès refusé | D9: Refusé via l'UI mais contournable via l'API | E9: Non conforme | F9: DAST-004 | G9: NC | H9: ZG | I9: NC | J9: =COUNTIF(G9:I9,"C")/3 -> 0 | K9: =COUNTIF(G9:I9,"NC")/3 -> 0.66666667 | L9: =COUNTIF(G9:I9,"ZG")/3 -> 0.33333333 | M9: =IF(J9>0,-J9*LOG(J9,2),0)+IF(K9>0,-K9*LOG(K9,2),0)+IF(L9>0,-L9*LOG(L9,2),0) -> 0.91829583 | N9: =IF(M9<0.5,"✓ Accord fort",IF(M9<1,"⚠ Discussion requise","✗ Arbitrage obligatoire")) -> ⚠ Discussion requise
A10: Exports de données | B10: Exporter un volume anormal de données comptables | C10: Alerte ou limitation | D10: Aucune limitation ni alerte sur les exports volumineux | E10: Non conforme | F10: LM-05 | G10: NC | H10: NC | I10: NC | J10: =COUNTIF(G10:I10,"C")/3 -> 0 | K10: =COUNTIF(G10:I10,"NC")/3 -> 1 | L10: =COUNTIF(G10:I10,"ZG")/3 -> 0 | M10: =IF(J10>0,-J10*LOG(J10,2),0)+IF(K10>0,-K10*LOG(K10,2),0)+IF(L10>0,-L10*LOG(L10,2),0) -> 0 | N10: =IF(M10<0.5,"✓ Accord fort",IF(M10<1,"⚠ Discussion requise","✗ Arbitrage obligatoire")) -> ✓ Accord fort
A11: Droits d'accès | B11: Un agent comptable accède aux fonctions admin | C11: Accès refusé | D11: Accès aux fonctions admin refusé | E11: Conforme | F11: LM-06 | G11: C | H11: C | I11: C | J11: =COUNTIF(G11:I11,"C")/3 -> 1 | K11: =COUNTIF(G11:I11,"NC")/3 -> 0 | L11: =COUNTIF(G11:I11,"ZG")/3 -> 0 | M11: =IF(J11>0,-J11*LOG(J11,2),0)+IF(K11>0,-K11*LOG(K11,2),0)+IF(L11>0,-L11*LOG(L11,2),0) -> 0 | N11: =IF(M11<0.5,"✓ Accord fort",IF(M11<1,"⚠ Discussion requise","✗ Arbitrage obligatoire")) -> ✓ Accord fort
A12: Clôture comptable | B12: Rouvrir une période clôturée sans droits spéciaux | C12: Blocage | D12: Réouverture contournable via accès BDD direct | E12: Non conforme | F12: LM-07 | G12: NC | H12: ZG | I12: NC | J12: =COUNTIF(G12:I12,"C")/3 -> 0 | K12: =COUNTIF(G12:I12,"NC")/3 -> 0.66666667 | L12: =COUNTIF(G12:I12,"ZG")/3 -> 0.33333333 | M12: =IF(J12>0,-J12*LOG(J12,2),0)+IF(K12>0,-K12*LOG(K12,2),0)+IF(L12>0,-L12*LOG(L12,2),0) -> 0.91829583 | N12: =IF(M12<0.5,"✓ Accord fort",IF(M12<1,"⚠ Discussion requise","✗ Arbitrage obligatoire")) -> ⚠ Discussion requise
A13: Auditabilité | B13: Vérifier que toute modification est horodatée et attribuée | C13: Journal complet | D13: Journal présent mais modifiable | E13: Partiel | F13: LM-08 | G13: ZG | H13: NC | I13: ZG | J13: =COUNTIF(G13:I13,"C")/3 -> 0 | K13: =COUNTIF(G13:I13,"NC")/3 -> 0.33333333 | L13: =COUNTIF(G13:I13,"ZG")/3 -> 0.66666667 | M13: =IF(J13>0,-J13*LOG(J13,2),0)+IF(K13>0,-K13*LOG(K13,2),0)+IF(L13>0,-L13*LOG(L13,2),0) -> 0.91829583 | N13: =IF(M13<0.5,"✓ Accord fort",IF(M13<1,"⚠ Discussion requise","✗ Arbitrage obligatoire")) -> ⚠ Discussion requise
A14: Aud1 = TOMI OLAMA Gabrielle Solange (Lead auditor) · Aud2 = M. MBOUL Patrick (Expert métier) · Aud3 = M. NJEI CHECK (Référent institutionnel) | C : Conforme · NC : Non Conforme · ZG : Zone Grise · NA : Non Applicable

Sheet Entropie-Tech
A1: MUSA — PT03 — Audit Technique
A2: Onglet : Calcul entropie Shannon — assertions techniques
A3: Réf. | B3: Assertion technique | C3: Aud.1 | D3: Aud.2 | E3: Aud.3 | F3: pC | G3: pNC | H3: pZG | I3: Hi | J3: Décision
A4: TECH-001 | B4: Les mots de passe sont hachés avec un algorithme robuste et salé | C4: NC | D4: NC | E4: NC | F4: =COUNTIF(C4:E4,"C")/3 -> 0 | G4: =COUNTIF(C4:E4,"NC")/3 -> 1 | H4: =COUNTIF(C4:E4,"ZG")/3 -> 0 | I4: =IF(F4>0,-F4*LOG(F4,2),0)+IF(G4>0,-G4*LOG(G4,2),0)+IF(H4>0,-H4*LOG(H4,2),0) -> 0 | J4: =IF(I4<0.5,"✓ Accord fort",IF(I4<1,"⚠ Discussion","✗ Arbitrage")) -> ✓ Accord fort
A5: TECH-002 | B5: Les requêtes SQL sont systématiquement paramétrées | C5: NC | D5: NC | E5: ZG | F5: =COUNTIF(C5:E5,"C")/3 -> 0 | G5: =COUNTIF(C5:E5,"NC")/3 -> 0.66666667 | H5: =COUNTIF(C5:E5,"ZG")/3 -> 0.33333333 | I5: =IF(F5>0,-F5*LOG(F5,2),0)+IF(G5>0,-G5*LOG(G5,2),0)+IF(H5>0,-H5*LOG(H5,2),0) -> 0.91829583 | J5: =IF(I5<0.5,"✓ Accord fort",IF(I5<1,"⚠ Discussion","✗ Arbitrage")) -> ⚠ Discussion
A6: TECH-003 | B6: Les connexions à la base de données sont chiffrées (TLS) | C6: NC | D6: NC | E6: NC | F6: =COUNTIF(C6:E6,"C")/3 -> 0 | G6: =COUNTIF(C6:E6,"NC")/3 -> 1 | H6: =COUNTIF(C6:E6,"ZG")/3 -> 0 | I6: =IF(F6>0,-F6*LOG(F6,2),0)+IF(G6>0,-G6*LOG(G6,2),0)+IF(H6>0,-H6*LOG(H6,2),0) -> 0 | J6: =IF(I6<0.5,"✓ Accord fort",IF(I6<1,"⚠ Discussion","✗ Arbitrage")) -> ✓ Accord fort
A7: TECH-004 | B7: Le principe de moindre privilège est appliqué aux comptes | C7: NC | D7: ZG | E7: NC | F7: =COUNTIF(C7:E7,"C")/3 -> 0 | G7: =COUNTIF(C7:E7,"NC")/3 -> 0.66666667 | H7: =COUNTIF(C7:E7,"ZG")/3 -> 0.33333333 | I7: =IF(F7>0,-F7*LOG(F7,2),0)+IF(G7>0,-G7*LOG(G7,2),0)+IF(H7>0,-H7*LOG(H7,2),0) -> 0.91829583 | J7: =IF(I7<0.5,"✓ Accord fort",IF(I7<1,"⚠ Discussion","✗ Arbitrage")) -> ⚠ Discussion
A8: TECH-005 | B8: L'application est protégée contre les références directes (IDOR) | C8: NC | D8: NC | E8: ZG | F8: =COUNTIF(C8:E8,"C")/3 -> 0 | G8: =COUNTIF(C8:E8,"NC")/3 -> 0.66666667 | H8: =COUNTIF(C8:E8,"ZG")/3 -> 0.33333333 | I8: =IF(F8>0,-F8*LOG(F8,2),0)+IF(G8>0,-G8*LOG(G8,2),0)+IF(H8>0,-H8*LOG(H8,2),0) -> 0.91829583 | J8: =IF(I8<0.5,"✓ Accord fort",IF(I8<1,"⚠ Discussion","✗ Arbitrage")) -> ⚠ Discussion
A9: TECH-006 | B9: Les sorties sont encodées pour prévenir le XSS | C9: NC | D9: ZG | E9: NC | F9: =COUNTIF(C9:E9,"C")/3 -> 0 | G9: =COUNTIF(C9:E9,"NC")/3 -> 0.66666667 | H9: =COUNTIF(C9:E9,"ZG")/3 -> 0.33333333 | I9: =IF(F9>0,-F9*LOG(F9,2),0)+IF(G9>0,-G9*LOG(G9,2),0)+IF(H9>0,-H9*LOG(H9,2),0) -> 0.91829583 | J9: =IF(I9<0.5,"✓ Accord fort",IF(I9<1,"⚠ Discussion","✗ Arbitrage")) -> ⚠ Discussion
A10: TECH-007 | B10: Une politique de gestion de session sécurisée est en place | C10: NC | D10: NC | E10: ZG | F10: =COUNTIF(C10:E10,"C")/3 -> 0 | G10: =COUNTIF(C10:E10,"NC")/3 -> 0.66666667 | H10: =COUNTIF(C10:E10,"ZG")/3 -> 0.33333333 | I10: =IF(F10>0,-F10*LOG(F10,2),0)+IF(G10>0,-G10*LOG(G10,2),0)+IF(H10>0,-H10*LOG(H10,2),0) -> 0.91829583 | J10: =IF(I10<0.5,"✓ Accord fort",IF(I10<1,"⚠ Discussion","✗ Arbitrage")) -> ⚠ Discussion
A11: TECH-008 | B11: Les composants tiers sont suivis et exempts de CVE connues | C11: NC | D11: NC | E11: NC | F11: =COUNTIF(C11:E11,"C")/3 -> 0 | G11: =COUNTIF(C11:E11,"NC")/3 -> 1 | H11: =COUNTIF(C11:E11,"ZG")/3 -> 0 | I11: =IF(F11>0,-F11*LOG(F11,2),0)+IF(G11>0,-G11*LOG(G11,2),0)+IF(H11>0,-H11*LOG(H11,2),0) -> 0 | J11: =IF(I11<0.5,"✓ Accord fort",IF(I11<1,"⚠ Discussion","✗ Arbitrage")) -> ✓ Accord fort
A12: TECH-009 | B12: Les en-têtes de sécurité HTTP sont correctement configurés | C12: NC | D12: NC | E12: ZG | F12: =COUNTIF(C12:E12,"C")/3 -> 0 | G12: =COUNTIF(C12:E12,"NC")/3 -> 0.66666667 | H12: =COUNTIF(C12:E12,"ZG")/3 -> 0.33333333 | I12: =IF(F12>0,-F12*LOG(F12,2),0)+IF(G12>0,-G12*LOG(G12,2),0)+IF(H12>0,-H12*LOG(H12,2),0) -> 0.91829583 | J12: =IF(I12<0.5,"✓ Accord fort",IF(I12<1,"⚠ Discussion","✗ Arbitrage")) -> ⚠ Discussion
A13: TECH-010 | B13: Le MFA est disponible pour les comptes sensibles | C13: NC | D13: NC | E13: NC | F13: =COUNTIF(C13:E13,"C")/3 -> 0 | G13: =COUNTIF(C13:E13,"NC")/3 -> 1 | H13: =COUNTIF(C13:E13,"ZG")/3 -> 0 | I13: =IF(F13>0,-F13*LOG(F13,2),0)+IF(G13>0,-G13*LOG(G13,2),0)+IF(H13>0,-H13*LOG(H13,2),0) -> 0 | J13: =IF(I13<0.5,"✓ Accord fort",IF(I13<1,"⚠ Discussion","✗ Arbitrage")) -> ✓ Accord fort
A14: TECH-011 | B14: Les journaux sont protégés contre la modification | C14: NC | D14: ZG | E14: ZG | F14: =COUNTIF(C14:E14,"C")/3 -> 0 | G14: =COUNTIF(C14:E14,"NC")/3 -> 0.33333333 | H14: =COUNTIF(C14:E14,"ZG")/3 -> 0.66666667 | I14: =IF(F14>0,-F14*LOG(F14,2),0)+IF(G14>0,-G14*LOG(G14,2),0)+IF(H14>0,-H14*LOG(H14,2),0) -> 0.91829583 | J14: =IF(I14<0.5,"✓ Accord fort",IF(I14<1,"⚠ Discussion","✗ Arbitrage")) -> ⚠ Discussion
A15: TECH-012 | B15: Les contrôles de période comptable ne sont pas contournables | C15: ZG | D15: NC | E15: ZG | F15: =COUNTIF(C15:E15,"C")/3 -> 0 | G15: =COUNTIF(C15:E15,"NC")/3 -> 0.33333333 | H15: =COUNTIF(C15:E15,"ZG")/3 -> 0.66666667 | I15: =IF(F15>0,-F15*LOG(F15,2),0)+IF(G15>0,-G15*LOG(G15,2),0)+IF(H15>0,-H15*LOG(H15,2),0) -> 0.91829583 | J15: =IF(I15<0.5,"✓ Accord fort",IF(I15<1,"⚠ Discussion","✗ Arbitrage")) -> ⚠ Discussion
... A18: TECH-015 | B18: Le chiffrement TLS du front respecte les bonnes pratiques | C18: C | D18: C | E18: ZG | F18: =COUNTIF(C18:E18,"C")/3 -> 0.66666667 | G18: =COUNTIF(C18:E18,"NC")/3 -> 0 | H18: =COUNTIF(C18:E18,"ZG")/3 -> 0.33333333 | I18: =IF(F18>0,-F18*LOG(F18,2),0)+IF(G18>0,-G18*LOG(G18,2),0)+IF(H18>0,-H18*LOG(H18,2),0) -> 0.91829583 | J18: =IF(I18<0.5,"✓ Accord fort",IF(I18<1,"⚠ Discussion","✗ Arbitrage")) -> ⚠ Discussion

Sheet Synthèse-2b
A1: MUSA — PT03 — Audit Technique
A2: Onglet : Synthèse sous-phase 2b
A4: Nb contrôles OWASP N2 évalués | B4: =COUNTA('OWASP-V1-V7'!G4:G29)+COUNTA('OWASP-V8-V14'!G4:G24) -> 47
A5: Nb Conformes (C) | B5: =COUNTIF('OWASP-V1-V7'!G4:G29,"C")+COUNTIF('OWASP-V8-V14'!G4:G24,"C") -> 17
A6: Nb NC | B6: =COUNTIF('OWASP-V1-V7'!G4:G29,"NC")+COUNTIF('OWASP-V8-V14'!G4:G24,"NC") -> 19
A7: Nb ZG | B7: =COUNTIF('OWASP-V1-V7'!G4:G29,"ZG")+COUNTIF('OWASP-V8-V14'!G4:G24,"ZG") -> 11
A8: Nb NA | B8: =COUNTIF('OWASP-V1-V7'!G4:G29,"NA")+COUNTIF('OWASP-V8-V14'!G4:G24,"NA") -> 0
A9: TC_N2 = Conformes / Total × 100 | B9: =ROUND(B5/B4*100,1) -> 36.2
A10: Nb vulnérabilités SAST | B10: =COUNTA('Résultats-SAST'!B4:B13) -> 8
A11: Nb vulnérabilités DAST | B11: =COUNTA('Résultats-DAST'!B4:B13) -> 8
A12: Nb issues config. serveur | B12: =COUNTIF('Config-Serveur'!C4:C18,"NC") -> 7
A13: Nb issues logique métier | B13: =COUNTIF('Logique-Métier'!E4:E13,"Non conforme") -> 4
A14: Entropie moyenne technique H_global_tech | B14: =ROUND(AVERAGE('Entropie-Tech'!I4:I18),3) -> 0.673
