Workbook

Sheet Matrice-Risques
A1: MUSA - PT04 - Risques
A2: Onglet : Matrice des risques (P × I)
A3: ID | B3: Source PT | C3: Titre vulnérabilité | D3: Catégorie OWASP / ISO | E3: P (1-4) | F3: I (1-4) | G3: R = P×I | H3: Priorité | I3: Responsable | J3: Échéance | K3: Statut | L3: Commentaire
A4: VULN-001 | B4: PT02/PT03 | C4: Hachage des mots de passe en MD5 sans sel | D4: V2.1.5 / ISO 5.17 | E4: 4 | F4: 4 | G4: =E4*F4 -> 16 | H4: =IF(G4=16,"Critique",IF(G4>=9,"Élevé",IF(G4>=4,"Modéré","Faible"))) -> Critique | I4: Lead dev SOLTEC | J4: J+2 | K4: Ouvert | L4: Migration cryptographique urgente
A5: VULN-002 | B5: PT03 DAST | C5: Injection SQL sur l'endpoint de recherche | D5: V5.3.1 | E5: 4 | F5: 4 | G5: =E5*F5 -> 16 | H5: =IF(G5=16,"Critique",IF(G5>=9,"Élevé",IF(G5>=4,"Modéré","Faible"))) -> Critique | I5: Lead dev SOLTEC | J5: J+2 | K5: Ouvert | L5: Exploitation confirmée (SQLMap)
A6: VULN-003 | B6: PT02/PT03 | C6: Connexion à la base de données non chiffrée | D6: V9.1.1 / V8.3.2 | E6: 3 | F6: 4 | G6: =E6*F6 -> 12 | H6: =IF(G6=16,"Critique",IF(G6>=9,"Élevé",IF(G6>=4,"Modéré","Faible"))) -> Élevé | I6: Admin BDD | J6: M+1 | K6: Ouvert | L6: Activer TLS sur la BDD
A7: VULN-004 | B7: PT02/PT03 | C7: Comptes administrateurs partagés | D7: V4.1.1 / ISO 5.15 | E7: 3 | F7: 3 | G7: =E7*F7 -> 9 | H7: =IF(G7=16,"Critique",IF(G7>=9,"Élevé",IF(G7>=4,"Modéré","Faible"))) -> Élevé | I7: RSSI SOLTEC | J7: M+1 | K7: Ouvert | L7: Comptes nominatifs + moindre privilège
A8: VULN-005 | B8: PT03 | C8: IDOR sur l'identifiant d'établissement | D8: V4.2.2 | E8: 3 | F8: 3 | G8: =E8*F8 -> 9 | H8: =IF(G8=16,"Critique",IF(G8>=9,"Élevé",IF(G8>=4,"Modéré","Faible"))) -> Élevé | I8: Lead dev SOLTEC | J8: M+1 | K8: Ouvert | L8: Contrôle d'accès objet côté serveur
A9: VULN-006 | B9: PT02/PT03 | C9: Absence de scan des dépendances (CVE) | D9: V14.2.1 | E9: 3 | F9: 3 | G9: =E9*F9 -> 9 | H9: =IF(G9=16,"Critique",IF(G9>=9,"Élevé",IF(G9>=4,"Modéré","Faible"))) -> Élevé | I9: Équipe dev | J9: M+1 | K9: Ouvert | L9: Intégrer un SCA au pipeline
A10: VULN-007 | B10: PT02 | C10: Absence de politique de sécurité formelle | D10: ISO 5.1 | E10: 3 | F10: 3 | G10: =E10*F10 -> 9 | H10: =IF(G10=16,"Critique",IF(G10>=9,"Élevé",IF(G10>=4,"Modéré","Faible"))) -> Élevé | I10: Direction SOLTEC | J10: M+1 | K10: Ouvert | L10: Rédiger et faire signer la politique
A11: VULN-008 | B11: PT02 (inspection) | C11: Mots de passe sur post-it / postes non verrouillés | D11: ISO 7.7 | E11: 3 | F11: 3 | G11: =E11*F11 -> 9 | H11: =IF(G11=16,"Critique",IF(G11>=9,"Élevé",IF(G11>=4,"Modéré","Faible"))) -> Élevé | I11: RSSI SOLTEC | J11: M+1 | K11: Ouvert | L11: Sensibilisation + verrouillage auto
A12: VULN-009 | B12: PT03 | C12: Durée de session de 8h sans renouvellement | D12: V3.2.2 | E12: 3 | F12: 2 | G12: =E12*F12 -> 6 | H12: =IF(G12=16,"Critique",IF(G12>=9,"Élevé",IF(G12>=4,"Modéré","Faible"))) -> Modéré | I12: Lead dev SOLTEC | J12: M+2 | K12: Ouvert | L12: Réduire la durée + jeton renouvelable
A13: VULN-010 | B13: PT02/PT03 | C13: Journaux modifiables et non protégés | D13: V7.4.1 | E13: 2 | F13: 3 | G13: =E13*F13 -> 6 | H13: =IF(G13=16,"Critique",IF(G13>=9,"Élevé",IF(G13>=4,"Modéré","Faible"))) -> Modéré | I13: Admin BDD | J13: M+2 | K13: Ouvert | L13: Restreindre l'accès + intégrité
A14: VULN-011 | B14: PT03 | C14: XSS stockée via le champ libellé | D14: V5.2.1 | E14: 2 | F14: 3 | G14: =E14*F14 -> 6 | H14: =IF(G14=16,"Critique",IF(G14>=9,"Élevé",IF(G14>=4,"Modéré","Faible"))) -> Modéré | I14: Lead dev SOLTEC | J14: M+2 | K14: Ouvert | L14: Encodage des sorties
A15: VULN-012 | B15: PT03 | C15: Absence de MFA pour les comptes sensibles | D15: V2.2.1 | E15: 2 | F15: 3 | G15: =E15*F15 -> 6 | H15: =IF(G15=16,"Critique",IF(G15>=9,"Élevé",IF(G15>=4,"Modéré","Faible"))) -> Modéré | I15: RSSI SOLTEC | J15: M+2 | K15: Ouvert | L15: Déployer un second facteur
... A18: VULN-015 | B18: PT03 | C18: Divulgation de la bannière serveur | D18: V14 | E18: 2 | F18: 1 | G18: =E18*F18 -> 2 | H18: =IF(G18=16,"Critique",IF(G18>=9,"Élevé",IF(G18>=4,"Modéré","Faible"))) -> Faible | I18: Admin système | J18: M+3 | K18: Ouvert | L18: Masquer bannière et stack traces

Sheet Maturité
A1: MUSA - PT04 - Risques
A2: Onglet : Évaluation de la maturité (6 domaines, 5 niveaux)
A3: Domaine | B3: Indicateur | C3: 0% Absent | D3: 25% Initial | E3: 50% Défini | F3: 75% Géré | G3: 100% Optimisé | H3: Niveau retenu (%) | I3: Justification
A4: Politique de sécurité | B4: Absente | C4: Rédigée | D4: Approuvée | E4: Diffusée | F4: Revue annuellement | H4: 25 | I4: Politique en cours de rédaction, non approuvée
A5: Gestion des accès | B5: Aucune règle | C5: Règles informelles | D5: Documentée | E5: Appliquée | F5: Auditée | H5: 50 | I5: Règles d'accès documentées mais non auditées régulièrement
A6: Développement sécurisé | B6: Aucun contrôle | C6: Revues ad hoc | D6: Guide de codage | E6: SAST intégré | F6: DevSecOps | H6: 25 | I6: Revues de code ad hoc, pas de SAST intégré
A7: Gestion des incidents | B7: Aucune procédure | C7: Réactive | D7: Procédure écrite | E7: Testée | F7: Indicateurs | H7: 25 | I7: Gestion des incidents réactive, aucune procédure écrite
A8: Continuité d'activité | B8: Aucun plan | C8: Plan informel | D8: PRA rédigé | E8: PRA testé | F8: Mis à jour/an | H8: 25 | I8: Sauvegardes présentes mais aucun PRA testé
A9: Sensibilisation | B9: Aucune | C9: Ponctuelle | D9: Annuelle | E9: Ciblée | F9: Continue + mesurée | H9: 25 | I9: Sensibilisation ponctuelle, pas de programme annuel
A11: Score moyen de maturité global = MOYENNE(H4:H9) | H11: =AVERAGE(H4:H9) -> 29.166667

Sheet Entropie-Global
A1: MUSA — PT04 — Risques
A2: Onglet : Entropie globale de l'audit H_global
A3: Source | B3: Nb assertions | C3: Hi moyen | D3: Poids (%) | E3: Contribution
A4: PT02 - Audit organisationnel | B4: 69 | C4: 0.289 | D4: 30 | E4: =C4*D4 -> 8.67
A5: PT03 - OWASP ASVS N2 | B5: 47 | C5: 0.3 | D5: 50 | E5: =C5*D5 -> 15
A6: PT03 - Logique métier | B6: 10 | C6: 0.4 | D6: 20 | E6: =C6*D6 -> 8
A9: H_global = Moyenne pondérée des Hi | D9: Interprétation : | E9: =IF(B10<0.5,"Audit fiable, bonne reproductibilité",IF(B10<0.8," Audit acceptable, points à clarifier","Audit à revoir")) -> Audit fiable, bonne reproductibilité
A10: H_global (moyenne pondérée) = | B10: =ROUND((E4+E5+E6)/(D4+D5+D6),3) -> 0.317
A11: H < 0,5 | B11: Audit fiable , bonne reproductibilité
A12: 0,5 ≤ H < 0,8 | B12: Audit acceptable , points à clarifier
A13: H ≥ 0,8 | B13: Audit à revoir , trop d'incertitudes

Sheet Dashboard
A1: MUSA — PT04 — Risques
A2: Onglet : Tableau de bord des risques et métriques
A4: Nb vulnérabilités CRITIQUES (R=16) | B4: =COUNTIF('Matrice-Risques'!H4:H18,"Critique") -> 2 | C4: → Correction < 48h
A5: Nb vulnérabilités ÉLEVÉES (R=9-15) | B5: =COUNTIF('Matrice-Risques'!H4:H18,"Élevé") -> 6 | C5: → Correction < 2 semaines
A6: Nb vulnérabilités MODÉRÉES (R=4-8) | B6: =COUNTIF('Matrice-Risques'!H4:H18,"Modéré") -> 6 | C6: → Correction < 1 mois
A7: Nb vulnérabilités FAIBLES (R=1-3) | B7: =COUNTIF('Matrice-Risques'!H4:H18,"Faible") -> 1 | C7: → Planifié
A8: Taux de conformité global TC (%) | B8: 34 | C8: Cible : > 75%
A9: Score de maturité global (%) | B9: =Maturité!H11 -> 29.166667 | C9: Cible : > 50%
A10: Entropie globale H_global | B10: ='Entropie-Global'!B10 -> 0.317 | C10: Cible : < 0,5
A11: Score de risque moyen R̄ | B11: =ROUND(AVERAGE('Matrice-Risques'!G4:G18),2) -> 8.47 | C11: Cible : < 4
