Workbook

Sheet Constats-Consolidés
A1: MUSA - PT05 - Rapport
A2: Onglet : Tableau consolidé de tous les constats
A3: ID Constat | B3: Type | C3: Titre | D3: Source PT | E3: Réf. OWASP / ISO | F3: P | G3: I | H3: R=P×I | I3: Hi | J3: Priorité | K3: Preuve | L3: Recommandation
A4: ORG-001 | B4: ORG | C4: Absence de politique de sécurité formelle | D4: PT02 | E4: ISO 5.1 | F4: 3 | G4: 3 | H4: =F4*G4 -> 9 | I4: 0 | J4: =IF(H4=16,"Critique",IF(H4>=9,"Élevé",IF(H4>=4,"Modéré","Faible"))) -> Élevé | K4: Entretien direction 1.1 | L4: REC-007
A5: ORG-002 | B5: ORG | C5: Absence de procédure de gestion des incidents | D5: PT02 | E5: ISO 5.24 | F5: 2 | G5: 3 | H5: =F5*G5 -> 6 | I5: 0 | J5: =IF(H5=16,"Critique",IF(H5>=9,"Élevé",IF(H5>=4,"Modéré","Faible"))) -> Modéré | K5: Entretien direction 2.2 | L5: REC-009
A6: ORG-003 | B6: ORG | C6: Absence de PRA / sauvegardes non testées | D6: PT02 | E6: ISO 5.29 | F6: 2 | G6: 4 | H6: =F6*G6 -> 8 | I6: 0 | J6: =IF(H6=16,"Critique",IF(H6>=9,"Élevé",IF(H6>=4,"Modéré","Faible"))) -> Modéré | K6: Entretien direction 3.1 | L6: REC-011
A7: ORG-004 | B7: ORG | C7: Aucune formation/sensibilisation sécurité (12 mois) | D7: PT02 | E7: ISO 6.3 | F7: 3 | G7: 2 | H7: =F7*G7 -> 6 | I7: 0.92 | J7: =IF(H7=16,"Critique",IF(H7>=9,"Élevé",IF(H7>=4,"Modéré","Faible"))) -> Modéré | K7: Entretien utilisateurs 2.1 | L7: REC-013
A8: ORG-005 | B8: ORG | C8: Accès physique à la salle serveur non tracé | D8: PT02 | E8: ISO 7.2 | F8: 2 | G8: 3 | H8: =F8*G8 -> 6 | I8: 0.92 | J8: =IF(H8=16,"Critique",IF(H8>=9,"Élevé",IF(H8>=4,"Modéré","Faible"))) -> Modéré | K8: Inspection physique | L8: REC-013
A9: ORG-006 | B9: ORG | C9: Conformité partielle à la loi 2010/012 (pas de déclaration ANTIC) | D9: PT02 | E9: ISO 5.31 | F9: 2 | G9: 3 | H9: =F9*G9 -> 6 | I9: 0.92 | J9: =IF(H9=16,"Critique",IF(H9>=9,"Élevé",IF(H9>=4,"Modéré","Faible"))) -> Modéré | K9: Entretien direction 4.1 | L9: REC-007
A10: ORG-007 | B10: ORG | C10: Inventaire et classification des actifs absents | D10: PT02 | E10: ISO 5.9 / 5.12 | F10: 2 | G10: 2 | H10: =F10*G10 -> 4 | I10: 0 | J10: =IF(H10=16,"Critique",IF(H10>=9,"Élevé",IF(H10>=4,"Modéré","Faible"))) -> Modéré | K10: ISO27001-Orga 5.9 | L10: REC-007
A11: ORG-008 | B11: ORG | C11: Mots de passe sur post-it / postes non verrouillés | D11: PT02 | E11: ISO 7.7 | F11: 3 | G11: 3 | H11: =F11*G11 -> 9 | I11: 0.92 | J11: =IF(H11=16,"Critique",IF(H11>=9,"Élevé",IF(H11>=4,"Modéré","Faible"))) -> Élevé | K11: Inspection physique | L11: REC-013
A12: TECH-009 | B12: TECH | C12: Hachage des mots de passe en MD5 sans sel | D12: PT03 | E12: V2.1.5 | F12: 4 | G12: 4 | H12: =F12*G12 -> 16 | I12: 0 | J12: =IF(H12=16,"Critique",IF(H12>=9,"Élevé",IF(H12>=4,"Modéré","Faible"))) -> Critique | K12: SAST-001 | L12: REC-001
A13: TECH-010 | B13: TECH | C13: Connexion à la base de données non chiffrée | D13: PT03 | E13: V9.1.1 | F13: 3 | G13: 4 | H13: =F13*G13 -> 12 | I13: 0 | J13: =IF(H13=16,"Critique",IF(H13>=9,"Élevé",IF(H13>=4,"Modéré","Faible"))) -> Élevé | K13: Wireshark / testssl | L13: REC-002
A14: TECH-011 | B14: TECH | C14: Injection SQL sur l'endpoint de recherche | D14: PT03 | E14: V5.3.1 | F14: 4 | G14: 4 | H14: =F14*G14 -> 16 | I14: 0 | J14: =IF(H14=16,"Critique",IF(H14>=9,"Élevé",IF(H14>=4,"Modéré","Faible"))) -> Critique | K14: DAST-003 / SQLMap | L14: REC-003
A15: TECH-012 | B15: TECH | C15: Comptes administrateurs partagés | D15: PT03 | E15: V4.1.1 | F15: 3 | G15: 3 | H15: =F15*G15 -> 9 | I15: 0.92 | J15: =IF(H15=16,"Critique",IF(H15>=9,"Élevé",IF(H15>=4,"Modéré","Faible"))) -> Élevé | K15: SAST-006 | L15: REC-004
... A23: TECH-020 | B23: TECH | C23: Divulgation de la bannière serveur / stack traces | D23: PT03 | E23: V14 | F23: 2 | G23: 1 | H23: =F23*G23 -> 2 | I23: 0 | J23: =IF(H23=16,"Critique",IF(H23>=9,"Élevé",IF(H23>=4,"Modéré","Faible"))) -> Faible | K23: SAST-008 / Lynis | L23: REC-015

Sheet Métriques
A1: MUSA - PT05 - Rapport
A2: Onglet : Calcul automatique des 5 métriques MUSA
A4: M1 | B4: Taux de conformité global | C4: TC = Nb_C / Nb_Total × 100 | D4: 34 | E4: Cible > 75%
A5: M2 | B5: Taux conformité OWASP N2 | C5: TC_N2 = Nb_C_OWASP / 100 × 100 | D5: 36.2 | E5: Niveau 2 : 100 contrôles
A6: M3 | B6: Score de risque moyen | C6: R̄ = Σ(R_i) / Nb_vulnérabilités | D6: =ROUND(AVERAGE('Constats-Consolidés'!H4:H23),2) -> 7.75 | E6: Cible < 4
A7: M4 | B7: Entropie globale | C7: H_global = Moyenne des H_i | D7: 0.365 | E7: Cible < 0,5
A8: M5 | B8: Score de maturité global | C8: Moyenne pondérée 6 domaines | D8: 29.2 | E8: Cible > 50%

Sheet Plan-Actions
A1: MUSA - PT05 - Rapport
A2: Onglet : Plan d'actions correctives
A3: ID | B3: Recommandation | C3: Priorité | D3: Responsable | E3: Échéance | F3: Indicateur de résolution | G3: Statut | H3: Date de clôture
A4: REC-001 | B4: Migrer le hachage MD5 vers bcrypt/Argon2 avec sel | C4: Critique | D4: Lead dev SOLTEC | E4: J+2 | F4: Revue de code : aucun MD5 résiduel | G4: En cours
A5: REC-002 | B5: Activer le chiffrement TLS sur les connexions à la base de données | C5: Élevé | D5: Admin BDD | E5: M+1 | F5: Capture réseau chiffrée (testssl) | G5: En cours
A6: REC-003 | B6: Corriger l'injection SQL (requêtes paramétrées / ORM) | C6: Critique | D6: Lead dev SOLTEC | E6: J+2 | F6: Rejet SQLMap sur l'endpoint | G6: En cours
A7: REC-004 | B7: Mettre en place des comptes nominatifs et le moindre privilège | C7: Élevé | D7: RSSI SOLTEC | E7: M+1 | F7: Matrice des droits validée | G7: Planifié
A8: REC-005 | B8: Corriger l'IDOR / cloisonner les établissements | C8: Élevé | D8: Lead dev SOLTEC | E8: M+1 | F8: Test d'accès croisé en échec | G8: Planifié
A9: REC-006 | B9: Intégrer un scan de dépendances (CVE) au pipeline | C9: Élevé | D9: Équipe dev | E9: M+1 | F9: Rapport SCA sans CVE critique | G9: Planifié
A10: REC-007 | B10: Rédiger et faire signer une politique de sécurité | C10: Élevé | D10: Direction SOLTEC | E10: M+1 | F10: Politique signée et diffusée | G10: Planifié
A11: REC-008 | B11: Réduire la durée de session et renouveler le jeton | C11: Modéré | D11: Lead dev SOLTEC | E11: M+2 | F11: Expiration ≤ 30 min vérifiée | G11: À faire
A12: REC-009 | B12: Protéger les journaux et définir une rétention | C12: Modéré | D12: Admin BDD | E12: M+2 | F12: Logs en lecture seule + rétention | G12: À faire
A13: REC-010 | B13: Corriger la faille XSS (encodage des sorties) | C13: Modéré | D13: Lead dev SOLTEC | E13: M+2 | F13: Test XSS en échec | G13: À faire
A14: REC-011 | B14: Élaborer et tester un Plan de Reprise d'Activité | C14: Modéré | D14: RSSI SOLTEC | E14: M+2 | F14: PRA testé et daté | G14: À faire
A15: REC-012 | B15: Activer le MFA pour les comptes sensibles | C15: Modéré | D15: RSSI SOLTEC | E15: M+2 | F15: MFA actif sur comptes admin | G15: À faire
... A18: REC-015 | B18: Masquer la bannière serveur et les stack traces | C18: Faible | D18: Admin système | E18: M+3 | F18: Bannière non divulguée | G18: À faire

Sheet Dashboard-Rapport
A1: MUSA - PT05 - Rapport
A2: Onglet : Dashboard rapport (insérer graphiques ici)
A3: Indicateur | B3: Valeur | C3: Interprétation | D3: Statut
A4: Taux de conformité global TC | B4: =Métriques!D4 -> 34 | C4: Inférieur à la cible de 75 % | D4: ✗
A5: Taux conformité OWASP N2 | B5: =Métriques!D5 -> 36.2 | C5: Inférieur à la cible de 75 % | D5: ✗
A6: Score de risque moyen R̄ | B6: =Métriques!D6 -> 7.75 | C6: Supérieur à la cible de 4 | D6: ✗
A7: Entropie globale H_global | B7: =Métriques!D7 -> 0.365 | C7: Inférieur à 0,5 : audit fiable | D7: ✓
A8: Score de maturité global | B8: =Métriques!D8 -> 29.2 | C8: Inférieur à la cible de 50 % | D8: ✗
A9: Nb vuln. Critiques | B9: =COUNTIF('Constats-Consolidés'!J4:J23,"Critique") -> 2 | C9: Correction sous 48 h | D9: ✗
A10: Nb vuln. Élevées | B10: =COUNTIF('Constats-Consolidés'!J4:J23,"Élevé") -> 6 | C10: Correction sous 2 semaines | D10: ⚠
A11: Nb vuln. Modérées | B11: =COUNTIF('Constats-Consolidés'!J4:J23,"Modéré") -> 11 | C11: Correction sous 1 mois | D11: ⚠
A12: Nb vuln. Faibles | B12: =COUNTIF('Constats-Consolidés'!J4:J23,"Faible") -> 1 | C12: Planifié | D12: ✓

Sheet Procédure-Contradictoire
A1: MUSA - PT05 - Rapport
A2: Onglet : Suivi procédure contradictoire (IIA 2400)
A3: ID Constat contesté | B3: Date de clôture | C3: Date de contestation | D3: Nature de la contestation | E3: Réponse lead auditor | F3: Date de réponse | G3: Décision finale
A4: ORG-007 | B4: 30/04/2026 | C4: 05/05/2026 | D4: Un inventaire partiel existerait sous forme de tableur | E4: Inventaire non formalisé ni tenu à jour ; constat maintenu | F4: 08/05/2026 | G4: Constat maintenu (ZG → NC)
A5: TECH-013 | B5: 30/04/2026 | C5: 06/05/2026 | D5: L'IDOR serait bloqué côté interface utilisateur | E5: Contournement confirmé via l'API (DAST-004) ; constat maintenu | F5: 08/05/2026 | G5: Constat maintenu
